BOR;AN;FI;RS;FI_EJ;INTMED;INTPHA;INTODO;INTGEN;INTURG;DOCJU;FFI;dtSTAG;INTTOT
Q22;2021;010000024;CH DE FLEYRIAT;010780054;25;2;;22;6;3;12;6;70
Q22;2021;010000032;CH BUGEY SUD;010780062;;;;7;;;;;7
Q22;2021;010000065;CH DE TREVOUX - MONTPENSIER;010780096;;;;2;;;2;;4
Q22;2021;010000495;CENTRE PSYCHOTHERAPIQUE DE L'AIN;010783009;1;;;;;3;;;4
Q22;2021;010005239;CH DU HAUT BUGEY - GEOVREISSET;010008407;0;0;0;0;0;0;1;0;1
Q22;2021;010009314;SSR HOTEL DIEU DE FLEYRIAT;010780054;;;;;;;1;1;1
Q22;2021;020000097;CH LA FÈRE;020000048;;;;1;;;;1;1
Q22;2021;020000162;CH SAINT-QUENTIN;020000063;55;6;0;9;2;9;26;19;107
Q22;2021;020000394;CH LAON;020000253;1;0;0;2;2;0;25;8;30
Q22;2021;020000519;CH SOISSONS;020000261;3;;;17;;1;20;9;41
Q22;2021;020000535;CH CHAUNY;020000287;;;;7;;;11;2;18
Q22;2021;020000543;ETS PUB SANTÉ MENTALE DE L'AISNE;020000295;1;;;;;;;;1
Q22;2021;020001061;CH CHÂTEAU-THIERRY;020004404;4;;;1;;;18;9;23
Q22;2021;020003877;SSR CH LAON;020000253;0;0;0;0;0;0;2;;2
Q22;2021;020006664;CENTRE PSYCHOTHÉRAPIE CH ST QUENTIN;020000063;1;;;;;;;;1
Q22;2021;030000061;CH DE MOULINS;030780092;7;1;;13;5;;26;;52
Q22;2021;030000079;CH DE MONTLUCON;030780100;17;1;;4;5;2;25;10;54
Q22;2021;030000087;CH JACQUES LACARIN VICHY;030780118;16;1;0;17;4;6;17;10;61
Q22;2021;030002208;CH DPT COEUR DU BOURBONNAIS TRONGET;030002158;;;;;;;1;1;1
Q22;2021;030007942;CH DPT COEUR BOURBONNAIS ST POURCAIN;030002158;;;;2;;;;;2
Q22;2021;030781116;HOPITAL PRIVE SAINT-FRANCOIS;030000426;1;;;;;;;;1
Q22;2021;030781637;SERVICE DE PSYCHIATRIE CHATELARD;030780100;;;;;;;2;1;2
Q22;2021;040000093;CHI DE MANOSQUE LOUIS RAFFALLI;040780215;0;1;0;12;0;0;0;0;13
Q22;2021;040000911;CENTRE HOSPITALIER DE DIGNE LES BAINS;040788879;;;;;;;2;;2
Q22;2021;050000132;CH BUECH DURANCE;050007145;;;;2;;;;;2
Q22;2021;050000231;CH DES ESCARTONS DE BRIANCON;050000116;;;;7;;;3;;10
Q22;2021;050000256;CENTRE HOSPITALIER D'EMBRUN;050000124;;;;2;;;;;2
Q22;2021;050000348;CHI DES ALPES DU SUD SITE DE GAP;050002948;2;3;;32;;1;1;;39
Q22;2021;060000478;CENTRE HOSPITALIER DE GRASSE;060780897;0;0;0;23;0;2;5;0;30
Q22;2021;060000510;CH D'ANTIBES JUAN LES PINS;060780954;20;0;0;21;0;2;7;2;50
Q22;2021;060000528;CENTRE ANTOINE LACASSAGNE;060780962;25;;;;;;;;25
Q22;2021;060000544;CH DE CANNES SIMONE VEIL;060780988;18;2;2;18;2;4;7;6;53
Q22;2021;060002102;CH LA PALMOSA DE MENTON;060791761;;;;12;;;3;;15
Q22;2021;060010899;INSTITUT UNIVERSITAIRE FACE ET COU;060785011;3;;;;;;;;3
Q22;2021;060019627;CTRE AZUREEN CANCEROLOGIE SITE TZANCK;060019551;1;;;;;;;;1
Q22;2021;060780145;CLINIQUE SAINT DOMINIQUE;060000049;;;;;;;1;1;1
Q22;2021;060780517;POLYCLINIQUE SAINT JEAN;060000239;1;;;;;1;;;2
Q22;2021;060780756;POLYCLINIQUE SANTA MARIA;060000403;;;;;;1;;;1
Q22;2021;060780996;CHS SAINTE MARIE NICE;630786754;9;1;;;;4;;;14
Q22;2021;060785003;CHU DE NICE HOPITAL PASTEUR;060785011;102;3;;10;17;24;20;;176
Q22;2021;060788957;CHU DE NICE HOPITAL DE CIMIEZ;060785011;8;;;5;;3;2;;18
Q22;2021;060789195;CHU DE NICE HOPITAL DE L'ARCHET;060785011;73;1;;9;;9;8;1;100
Q22;2021;060789674;CENTRE HELIO MARIN;130037815;3;;;;;;;;3
Q22;2021;060790862;C.A.L.M.E.;060001997;;;;2;;;;;2
Q22;2021;060791811;HOPITAL PRIVE GERIATRIQUE LES SOURCES;060010808;2;;;1;;;2;;5
Q22;2021;060794013;CTRE CARDIO MEDICO CHIRURGICAL TZANCK;060790797;4;;;;;;;;4
Q22;2021;060800166;HP A. TZANCK MOUGINS SOPHIA ANTIPOLIS;060780608;;1;;;;;;;1
Q22;2021;060800174;FONDATION LENVAL;060800174;6;;;;;;;;6
Q22;2021;070000047;CH DE VILLENEUVE DE BERG;070780127;;;;;;;1;;1
Q22;2021;070000062;CH DE BOURG SAINT ANDEOL;070005558;;;;;;;1;;1
Q22;2021;070000096;HOPITAL DE MOZE;070780184;;;;1;;;;;1
Q22;2021;070000179;CH ARDECHE NORD;070780358;5;0;0;23;0;1;11;0;40
Q22;2021;070000609;CH D'AUBENAS;070005566;;2;;7;;;10;10;19
Q22;2021;080000110;CENTRE HOSPITALIER DE SEDAN;080011174;;;;10;;;4;3;14
Q22;2021;080000219;CENTRE HOSPITALIER DE RETHEL;080001969;;1;;3;;;2;;6
Q22;2021;080000250;CRF POUR ADULTES;540019726;4;;;2;;;;;6
Q22;2021;080000318;CENTRE HOSPITALIER BELAIR;080000086;2;;;1;;;3;3;6
Q22;2021;080000425;CH CHARLEVILLE - HOPITAL MANCHESTER;080011174;40;0;0;17;4;7;10;6;78
Q22;2021;090000175;CHIVAL SITE ST JEAN DE VERGES;090781774;7;;;12;;1;6;;26
Q22;2021;090000183;CH ARIEGE COUSERANS SITE ST LIZIER;090781816;;;;2;;;;;2
Q22;2021;100000090;CENTRE HOSPITALIER DE TROYES;100000017;43;1;0;11;9;7;14;8;85
Q22;2021;100000108;EPSMA;100000033;3;;;;;;;;3
Q22;2021;100000199;CENTRE HOSPITALIER DE ROMILLY/SEINE;100006279;1;0;0;2;3;0;1;1;7
Q22;2021;100006493;SECTION MOYEN SEJOUR - CH DE TROYES;100000017;0;0;0;1;0;0;0;0;1
Q22;2021;100009364;MCO COMTE HENRI - CH DE TROYES;100000017;0;0;0;1;0;0;0;0;1
Q22;2021;100010362;GCS PATCS CRRF PASTEUR 1;100010347;1;;;;;;;;1
Q22;2021;100011477;GCS PATCS CRRF COS PASTEUR 2;100010347;1;;;;;;;;1
Q22;2021;110000023;CH CARCASSONNE;110780061;21;1;;4;9;1;17;;53
Q22;2021;110000056;CH NARBONNE HOTEL DIEU;110780137;5;2;;14;9;;;;30
Q22;2021;110002953;CH NARBONNE HJ PSY ADULTE PSYCHOTIQUE;110780137;1;;;;;;;;1
Q22;2021;110780228;HOPITAL PRIVE DU GRAND NARBONNE;110000114;1;;;1;;;;;2
Q22;2021;110786324;USSAP;110786324;1;;;;;;;;1
Q22;2021;120000039;CH DE RODEZ HOPITAL JACQUES PUEL;120780044;14;0;0;17;1;1;4;5;37
Q22;2021;120000054;CH VILLEFRANCHE SITE CHARTREUSE;120780069;;;;2;;;;;2
Q22;2021;120004569;CH MILLAU;120004528;;1;;4;;1;1;1;7
Q22;2021;120004668;CH EMILE BOREL ST AFFRIQUE;120004619;;;;1;;;;;1
Q22;2021;120780283;CHS STE MARIE;630786754;1;;;;;;;;1
Q22;2021;130000235;CHS EDOUARD TOULOUSE;130780554;0;1;0;9;0;0;0;0;10
Q22;2021;130000409;CHI SITE D'AIX EN PROVENCE;130041916;30;1;0;15;0;8;14;;68
Q22;2021;130000433;CHS MONTPERRIN;130781131;10;1;;;;;3;;14
Q22;2021;130000516;CH LOUIS BRUNET D'ALLAUCH;130781339;1;;;4;;;;;5
Q22;2021;130000565;CENTRE HOSPITALIER GENERAL D'AUBAGNE;130781446;4;1;0;15;5;1;3;0;29
Q22;2021;130001225;HOPITAL DU PAYS SALONAIS;130782634;;2;;22;;1;8;8;33
Q22;2021;130001647;INSTITUT PAOLI CALMETTES;130784127;52;8;;;;;1;;61
Q22;2021;130002215;CENTRE HOSPITALIER GENERAL LA CIOTAT;130785512;1;;;;7;;;;8
Q22;2021;130002496;CHS VALVERT MARSEILLE;130786494;9;;;;;2;;;11
Q22;2021;130002827;CH JOSEPH IMBERT D'ARLES;130789274;;;;4;;;14;;18
Q22;2021;130002835;CH DE MARTIGUES HOPITAL DES RAYETTES;130789316;2;;;34;8;;;;44
Q22;2021;130008048;CLINIQUE SAINT MARTIN SUD MARSEILLE;130043169;1;;;;;;;;1
Q22;2021;130008238;CLINIQUE LA PHOCEANNE SUD;130044118;;;;1;;;;;1
Q22;2021;130043664;HOPITAL EUROPEEN;130002157;5;3;;;;;;;8
Q22;2021;130048341;HOP DE JOUR ST MARTIN SPORT MARSEILLE;130001852;1;;;;;;;;1
Q22;2021;130780083;CLINIQUE MADELEINE REMUZAT;130000060;;;;1;;;;;1
Q22;2021;130780521;APHM HOPITAL NORD;130786049;139;19;;45;;25;23;;251
Q22;2021;130781438;CLINIQUE DE PROVENCE BOURBONNE;130000557;1;;;1;;;;;2
Q22;2021;130781479;HOPITAL PRIVE LA CASAMANCE;130000599;1;1;;1;;;;;3
Q22;2021;130783152;CLINIQUE SAINTE ELISABETH;130001365;0;0;0;1;0;0;0;0;1
Q22;2021;130783236;APHM HOPITAL DE LA CONCEPTION;130786049;104;28;;27;;19;22;;200
Q22;2021;130783293;APHM HOPITAL LA TIMONE;130786049;206;50;26;35;;43;40;;400
Q22;2021;130783764;CLINIQUE MON REPOS;920030269;;;;7;;;;;7
Q22;2021;130784234;APHM HOPITAUX SUD SAINTE MARGUERITE;130786049;56;7;;11;;12;1;;87
Q22;2021;130784291;CLINIQUE DES TROIS CYPRES;130001696;;;;;;;1;;1
Q22;2021;130784580;CLINIQUE LA PROVENCALE;920030269;;;;4;;;;;4
Q22;2021;130784598;CLINIQUE SAINT MARTIN MARSEILLE;130001852;2;;;;;;;;2
Q22;2021;130784812;CLINIQUE SAINT BARNABE;130001985;;;;1;;;;;1
Q22;2021;130785389;CLINIQUE CHANTECLER;130002173;1;0;0;1;0;0;0;0;2
Q22;2021;130785652;HOPITAL SAINT JOSEPH;130014228;17;2;;4;;;;;23
Q22;2021;130786742;HIA LAVERAN;750821092;22;1;;26;3;;8;;60
Q22;2021;130786932;CENTRE DE REEDUCATION PAUL CEZANNE;130002660;;;;1;;;;;1
Q22;2021;130789159;CENTRE CARDIO VASCULAIRE VALMANTE;920030269;;;;2;;;;;2
Q22;2021;130790157;CH DE MARTIGUES HOPITAL DU VALLON;130789316;;;;2;;;;;2
Q22;2021;130804297;APHM HOPITAL LA TIMONE ENFANTS;130786049;60;1;;8;;2;20;;91
Q22;2021;130809015;CENTRE GERONTOLOGIQUE DEPARTEMENTAL;130001928;;1;;5;;1;2;;9
Q22;2021;130811102;LA MAISON;130007487;2;;;;;;;;2
Q22;2021;140000027;CENTRE HOSPITALIER DE LISIEUX;140000035;21;0;0;20;5;6;1;6;53
Q22;2021;140000076;CENTRE HOSPITALIER AUNAY-BAYEUX;140000092;4;;;;;1;;;5
Q22;2021;140000209;CHU COTE DE NACRE - CAEN;140000100;301;37;;44;24;66;25;15;497
Q22;2021;140000233;CENTRE HOSPITALIER DE FALAISE;140000118;;1;;6;;;7;6;14
Q22;2021;140000373;CENTRE HOSPITALIER DE VIRE;140000159;3;;;;;;5;;8
Q22;2021;140000456;ETS PUBLIC DE SANTE MENTALE;140000316;11;2;;;;3;4;;20
Q22;2021;140000555;CRLCC FRANCOIS BACLESSE - CAEN;140000639;30;3;0;;;6;4;;43
Q22;2021;140002452;CLINIQUE DE LA MISERICORDE - CAEN;140025800;;;;4;;;;;4
Q22;2021;140004136;UNITE PSYCHIATRIQUE - CH BAYEUX;140000092;1;;;;;2;1;;4
Q22;2021;140004383;CHR GEORGES CLEMENCEAU - CAEN;140000100;12;1;0;2;2;1;4;0;22
Q22;2021;140017237;HOPITAL PRIVE ST MARTIN-CAEN;140003278;1;;;;;;;;1
Q22;2021;140017278;INSTITUT MEDECINE PHYSIQUE ET READAPTA;610787285;2;;;;;;;;2
Q22;2021;140024886;CENTRE HOSPITALIER - AUNAY-BAYEUX;140000092;3;1;;4;4;1;;;13
Q22;2021;140026410;CH COTE FLEURIE - SITE DE CRICQUEBOEUF;140026279;;;;5;;1;;;6
Q22;2021;140027681;CMPR LA CLAIRIERE - HEROUVILLE STCLAIR;610787764;1;;;;;;;;1
Q22;2021;150000032;CH DE SAINT-FLOUR;150780088;;;;3;;;4;3;7
Q22;2021;150000040;CH HENRI MONDOR;150780096;11;1;0;20;3;4;33;16;72
Q22;2021;150000164;CH DE MAURIAC;150780468;;;;2;;;;;2
Q22;2021;150780773;SERVICE DE PSYCHIATRIE - CH ST FLOUR;150780088;;;;;;;1;;1
Q22;2021;160000253;CENTRE HOSPITALIER D'ANGOULEME;160000451;62;;;;;6;6;;74
Q22;2021;160000311;CENTRE HOSPITALIER CONFOLENS;160000485;;;;;3;;;;3
Q22;2021;160000337;CENTRE HOSPITALIER DE RUFFEC;160000493;;;;;;;2;;2
Q22;2021;160000345;CH CAMILLE CLAUDEL - LA COURONNE;160000501;3;;;;;5;;;8
Q22;2021;160015368;HOPITAUX DU GRAND COGNAC;160014411;;1;;4;;;;;5
Q22;2021;170000038;CENTRE HOSPITALIER JONZAC;170780050;;;;3;;;;;3
Q22;2021;170000061;CSS DU CHATEAU MARLONGES - CHAMBON;170024194;;;;1;;;;;1
Q22;2021;170000087;HOPITAL SAINT-LOUIS - LA ROCHELLE;170024194;51;4;;29;8;12;4;2;108
Q22;2021;170000095;CENTRE HOSPITALIER ST-JEAN D'ANGELY;170780167;;;;3;;;;;3
Q22;2021;170000103;CTRE HOSP. DE SAINTONGE - SAINTES;170780175;17;1;0;23;3;2;0;0;46
Q22;2021;170000129;CENTRE HOSPITALIER ROYAN-ATLANTIQUE;170780191;2;;;6;;;1;;9
Q22;2021;170000152;CENTRE HOSPITALIER ROCHEFORT;170780225;4;;;15;1;2;;;22
Q22;2021;170020994;C.A.T.T.P. + HOP JOUR PSY ADULT - S5;170780175;2;;;;;;;;2
Q22;2021;170782981;HOPITAL MARIUS LACROIX;170024194;5;;;2;;1;;;8
Q22;2021;170783146;CENTRE HOSPITALIER JONZAC (CHS);170780050;;;;1;;1;;;2
Q22;2021;180000010;CH BOURGES - JACQUES COEUR;180000028;9;1;;10;1;2;27;14;50
Q22;2021;180000176;CH GEORGE SAND BOURGES;180001158;2;;;1;;0;1;;4
Q22;2021;180000200;CH DE VIERZON;180000051;1;;;4;;;3;;8
Q22;2021;180000283;CH SAINT AMAND-MONTROND;180000069;;;;2;;;;;2
Q22;2021;180003287;CH DE BOURGES SITE TAILLEGRAIN;180000028;;;;;;;1;1;1
Q22;2021;180003345;CH DE VIERZON SITE LA NOUE;180000051;;;;;;;3;;3
Q22;2021;180008278;KORIAN PAYS DES TROIS PROVINCES;750056335;;;;1;;;;;1
Q22;2021;180009490;CTRE ONCO ST JEAN (RADIOTHE) SITE HPGV;180006496;1;;;;;;;;1
Q22;2021;190000018;CENTRE HOSPITALIER DUBOIS BRIVE;190000042;35;2;;20;2;5;2;1;66
Q22;2021;190000026;CENTRE HOSPITALIER COEUR DE CORREZE;190000059;4;1;0;6;0;2;3;;16
Q22;2021;190000091;CENTRE HOSPITALIER D'USSEL;190000075;1;1;;;2;;2;1;6
Q22;2021;190002493;CONVALESCENCE CURE READAPT. DU CHANDOU;190000059;;;;;;;1;;1
Q22;2021;190005165;USLD CORNIL;190002519;;;;;;;1;1;1
Q22;2021;190012476;CH JEAN-MARIE DAUZIER - SSR - CORNIL;190002519;;;;;;;2;2;2
Q22;2021;210012670;HOPITAL PRIVE DIJON BOURGOGNE;210011367;;;;6;;;;;6
Q22;2021;210780144;CRF DIVIO DIJON;750721235;1;;;;;;;;1
Q22;2021;210780789;CLINIQUE MUTUALISTE BENIGNE JOLY;210003208;3;;;;;;;;3
Q22;2021;210986089;CTRE HOSPITALIER REG UNIVERSITAIRE DIJ;210780581;5;0;0;6;0;3;1;0;15
Q22;2021;210987046;CTRE CONVALESCENCE GERIATRIQUE;210987038;2;;;;;;;;2
Q22;2021;210987558;HOPITAL LE BOCAGE CHRU DIJON;210780581;436;31;4;117;12;91;19;10;710
Q22;2021;210987632;CH LA CHARTREUSE DIJON;210780607;6;1;;4;;4;;;15
Q22;2021;210987657;HOSPICES CIVILS DE BEAUNE;210012175;13;;;21;9;;8;;51
Q22;2021;210987665;CH HCO SITE DE CHATILLON SUR SEINE;210012142;;;;;1;;;;1
Q22;2021;210987673;CH HCO SITE DE MONTBARD;210012142;3;;;;;;;;3
Q22;2021;210987681;CH HCO SITE DE SAULIEU;210012142;1;;;;;;;;1
Q22;2021;210987699;CENTRE HOSPITALIER ROBERT MORLEVAT;210780706;2;;;5;;1;;;8
Q22;2021;210987731;CLCC GEORGES-FRANCOIS LECLERC;210780417;41;4;0;4;0;;;;49
Q22;2021;220000012;CENTRE HOSPITALIER YVES LE FOLL;220000020;29;1;0;22;10;12;15;11;89
Q22;2021;220000095;CTRE HOSPITALIER DINAN;220000046;;;;14;;;1;;15
Q22;2021;220000236;CENTRE HOSPITALIER DE PLOUGUERNEVEL;220017974;0;0;0;1;0;0;0;0;1
Q22;2021;220000343;CENTRE HOSPITALIER GUINGAMP;220000079;;;;9;;;;;9
Q22;2021;220000368;CENTRE HOSPITALIER LANNION;220000103;4;;;10;;1;7;5;22
Q22;2021;220000541;CENTRE HOSPITALIER PAIMPOL;220000152;;;;6;;;;;6
Q22;2021;220001259;CENTRE HOSPITALIER TREGUIER;220005045;;;;2;;;;;2
Q22;2021;220022800;HOPITAL PRIVÉ DES COTES D'ARMOR;220000673;2;0;0;0;0;0;0;0;2
Q22;2021;230000820;CENTRE HOSPITALIER GUERET;230780041;13;0;0;0;5;1;3;;22
Q22;2021;230000846;C H BERNARD DESPLAS BOURGANEUF;230780066;;;;;;;1;1;1
Q22;2021;230000853;CENTRE HOSPITALIER SAINT VAURY;230780074;;;;;;;2;;2
Q22;2021;230004657;SITE CROIX BLANCHE;230780058;;;;;;;1;;1
Q22;2021;230780082;CENTRE MEDICAL NATIONAL SAINTE FEYRE;750005068;;;;4;;1;;;5
Q22;2021;230782617;CRRF ANDRE LALANDE;920028560;1;;;;;;;;1
Q22;2021;240000372;C.H DE BERGERAC;240000059;;;;15;;1;3;;19
Q22;2021;240000463;CENTRE HOSPITALIER VAUCLAIRE;240000083;1;0;0;0;0;1;0;0;2
Q22;2021;240000489;CENTRE HOSPITALIER DE PERIGUEUX;240000117;18;1;0;24;3;5;24;12;75
Q22;2021;240000687;CENTRE HOSPITALIER SARLAT;240000448;;;;;;;3;1;3
Q22;2021;250000023;CHRU SAINT-JACQUES;250000015;4;2;;1;;;;;7
Q22;2021;250000544;CRRF LES SALINS DE BREGILLE;250002284;1;;;1;;;;;2
Q22;2021;250000700;CHI HC SITE RIVES DU DOUBS PONTARLIER;250000452;;;;32;;4;1;;37
Q22;2021;250000718;CHS NOVILLARS;250000460;7;0;0;0;0;1;1;0;9
Q22;2021;250000759;CENTRE DE SOINS TILLEROYES;250000569;;;;9;;1;;;10
Q22;2021;250000882;ETABLISSEMENT DE SANTE DE QUINGEY;250002839;;;;2;;;;;2
Q22;2021;250004009;LE MITTAN ANNEXE DU HNFC;900000365;0;0;;0;0;0;0;0;0
Q22;2021;250006954;CHRU JEAN MINJOZ;250000015;324;36;;23;45;51;7;;486
Q22;2021;250014008;CHS ST REMY ET NFC CTRE JEAN MESSAGIER;700004096;3;;;;;;1;;4
Q22;2021;260000013;CH DE VALENCE;260000021;44;1;;23;8;5;;;81
Q22;2021;260000120;HOPITAUX DROME NORD - ROMANS-SUR-ISERE;260016910;4;;;10;;;10;10;24
Q22;2021;260000138;CH PORTES PROVENCE MONTELIMAR;260000047;11;0;0;19;3;0;15;0;48
Q22;2021;260000146;CH DE CREST;260000054;;;;2;;;;;2
Q22;2021;260000203;HOPITAUX DROME NORD - SAINT-VALLIER;260016910;;;;;;;4;4;4
Q22;2021;270000045;CH BERNAY;270000060;;;;3;;;;;3
Q22;2021;270000359;CH EVREUX CH EURE-SEINE;270023724;14;;;25;7;5;35;12;86
Q22;2021;270000367;CH GISORS;270000086;0;0;0;2;0;0;0;0;2
Q22;2021;270000391;CH LOUVIERS CHI ELBEUF;760024042;;;;3;;;;;3
Q22;2021;270000425;CH PONT-AUDEMER;270000102;2;;;;1;;1;;4
Q22;2021;270000441;CH VERNEUIL-SUR-AVRE;270000110;1;;;;;;;;1
Q22;2021;270000458;CH VERNON CH EURE-SEINE;270023724;;;;4;;1;2;1;7
Q22;2021;270000573;NOUVEL HOPITAL DE NAVARRE;270000219;2;;;;;2;8;5;12
Q22;2021;270000912;HOPITAL LA MUSSE ST SEBASTIEN/MORSENT;750814030;1;;;1;;;;;2
Q22;2021;280000050;CH BONNEVAL;280000142;1;0;0;0;0;0;0;0;1
Q22;2021;280000084;CH DREUX;280000183;7;;;3;3;3;54;21;70
Q22;2021;280000662;CH CHATEAUDUN;280500075;;;;4;;;2;;6
Q22;2021;280000696;CH CHARTRES - VAL DE L'EURE;280000134;;;;;;;1;;1
Q22;2021;280502998;CH NOGENT LE ROTROU - NOUVEL HÔPITAL;280000589;1;;;;2;;;;3
Q22;2021;280504267;CH CHARTRES LOUIS PASTEUR-LE COUDRAY;280000134;16;1;;13;0;1;36;14;67
Q22;2021;280506015;LE C.A.L.M.E. ILLIERS COMBRAY;280001264;;;;1;;;;;1
Q22;2021;290000025;CHIC QUIMPER;290020700;43;2;0;40;3;6;1;1;95
Q22;2021;290000033;C.H. DES PAYS DE MORLAIX;290021542;15;0;0;26;;3;;2;44
Q22;2021;290000058;CHRU BREST SITE HOPITAL MORVAN;290000017;82;5;5;21;6;13;1;;133
Q22;2021;290000066;CHIC SITE DE CONCARNEAU;290020700;1;0;0;0;0;0;0;;1
Q22;2021;290000173;CH FERDINAND GRALL LANDERNEAU;290000041;2;;;14;;;;;16
Q22;2021;290000181;CENTRE HOSPITALIER DOUARNENEZ;290000074;0;0;0;9;0;;0;;9
Q22;2021;290000256;CHRU BREST SITE HOPITAL DE CARHAIX;290000017;;;;2;;;3;3;5
Q22;2021;290000322;CENTRE HOSPITALIER LESNEVEN;290000108;;;;2;;;;;2
Q22;2021;290000553;CENTRE MEDICAL -LE GUERVENAN-;290021542;;;;;;1;;;1
Q22;2021;290000728;HOPITAL INSTRUCTION DES ARMEES;750821092;14;1;;30;1;3;;;49
Q22;2021;290000785;ETABLISSEMENT DE SOINS HOTEL DIEU;220020739;;;;13;2;;;;15
Q22;2021;290000827;FONDATION ILDYS SITE DE TY-YANN;290000546;3;;;;;;;;3
Q22;2021;290000918;EPSM FINISTERE SUD SITE QUIMPER;290000298;5;;;2;;1;1;;9
Q22;2021;290000934;GHBS - HOPITAL LA VILLENEUVE;560005746;;;;8;;;1;;9
Q22;2021;290000975;FONDATION ILDYS SITE DE PERHARIDY;290000546;4;;;;;;;;4
Q22;2021;290004324;CHRU BREST SITE HOPITAL CAVALE BLANCHE;290000017;147;13;;19;17;34;6;4;236
Q22;2021;290004340;CHRU BREST SITE HOPITAL BOHARS;290000017;22;;;4;;7;1;;34
Q22;2021;290004365;CHU BREST SITE GUILERS;290000017;2;;;1;;;;;3
Q22;2021;290036466;POLE READAPT DE CORNOUAILLE CONCARNEAU;440042844;;;;1;;;;;1
Q22;2021;2A0000022;CH ND LA MISERICORDE;2A0000014;;1;;20;;;2;2;23
Q22;2021;2A0000287;CENTRE HOSPITALIER DE CASTELLUCCIO;2A0000386;2;2;;;;;;;4
Q22;2021;2A0002051;CRF LES MOLINI;2A0000303;;;;;;1;;;1
Q22;2021;2B0000012;CENTRE HOSPITALIER DE BASTIA;2B0000020;0;0;0;16;0;0;9;0;25
Q22;2021;300000023;CH ALES CEVENNES;300780046;4;5;0;9;3;0;1;5;22
Q22;2021;300000031;CH LOUIS PASTEUR;300780053;;1;;13;;;17;13;31
Q22;2021;300000056;CH PONT ST ESPRIT;300780079;0;0;0;1;;0;;1;1
Q22;2021;300000064;CH UZES;300780087;;;;1;;;;;1
Q22;2021;300000080;HOSPIT COMPLETE CH LE MAS CAREIRON;300780103;5;;;;;;;;5
Q22;2021;300012499;USLD LA ROSE DES VENTS CH ALES;300780046;0;0;0;1;0;0;0;0;1
Q22;2021;300782117;CHU NIMES CAREMEAU;300780038;206;12;;18;22;36;52;24;346
Q22;2021;300782125;CENTRE DE SOINS PA SERRE CAVALIER;300780038;2;;;;;;;;2
Q22;2021;300782141;CENTRE MEDICAL GRAU DU ROI CHU NIMES;300780038;5;;;8;;;;;13
Q22;2021;310000310;CH COMMINGES PYRENEES SITE ST PLANCARD;310780671;;;;11;;1;;;12
Q22;2021;310000369;CH GERARD MARCHANT;310780754;12;1;;1;;4;1;;19
Q22;2021;310016977;HOPITAUX MERE & ENFANTS SITE VIGUIER;310781406;95;18;;;;12;4;;129
Q22;2021;310019351;HOPITAL LARREY CHU TLSE;310781406;41;;;;;6;6;;53
Q22;2021;310021571;CENTRE GERIATRIQUE DES MINIMES;310021563;1;;;2;;1;;;4
Q22;2021;310022298;HOPITAL GARONNE CHU TOULOUSE;310781406;13;;;4;;2;;;19
Q22;2021;310025333;ONCOPOLE CHU TOULOUSE;310781406;15;;;;;2;1;;18
Q22;2021;310026083;CL RIVE GAUCHE;310026075;2;;;1;;;;;3
Q22;2021;310780259;CL PASTEUR;310000096;3;;;;;;;;3
Q22;2021;310780366;CL MONIE;310000153;;;;2;;;;;2
Q22;2021;310780374;CL DU CHATEAU DE VERNHES;310000161;;;;2;;;;;2
Q22;2021;310781067;HOPITAL JOSEPH DUCUING;310788898;3;;;0;0;;;;3
Q22;2021;310781422;CENTRE PAUL DOTTIN;310781562;1;;;;;;;;1
Q22;2021;310782347;INSTITUT CLAUDIUS REGAUD;310789136;22;3;;;;;;;25
Q22;2021;310782446;ARSEAA;310782446;3;;;;;;;;3
Q22;2021;310783048;HOPITAL PURPAN CHU TLSE;310781406;204;;;6;;64;18;;292
Q22;2021;310783055;HOPITAL DE RANGUEIL CHU TOULOUSE;310781406;157;79;21;3;;29;21;;310
Q22;2021;310783063;HOPITAL LA GRAVE CHU TLSE;310781406;211;32;23;385;;28;3;;682
Q22;2021;310783097;CENTRE DE SANTE MENTALE MGEN TOULOUSE;750005068;1;;;;;;;;1
Q22;2021;310786702;SSR DOMAINE DE LA CADENE;750043713;;;;1;;;;;1
Q22;2021;320000086;CH AUCH EN GASCOGNE;320780117;8;;;10;;;11;;29
Q22;2021;320000094;CH GERS;320780125;2;;;;;;;;2
Q22;2021;330000332;HOPITAL SUBURBAIN DU BOUSCAT;330780545;2;;;5;;;1;;8
Q22;2021;330000340;MSP BORDEAUX BAGATELLE;330780552;2;0;0;7;0;;;;9
Q22;2021;330000555;CENTRE HOSPITALIER D'ARCACHON;330781204;5;1;0;12;0;1;;;19
Q22;2021;330000571;CH DE LA HAUTE GIRONDE;330781220;0;0;0;1;0;0;0;;1
Q22;2021;330000589;CH SUD GIRONDE - SITE LANGON;330027509;9;;;2;;1;;;12
Q22;2021;330000605;CTRE HOSPIT.R.BOULIN-LIBOURNE;330781253;30;2;0;18;8;10;9;6;77
Q22;2021;330000639;CH CHARLES PERRENS;330781287;48;2;0;1;0;4;0;0;55
Q22;2021;330000647;C.H. DE CADILLAC;330781295;5;;;;;5;;;10
Q22;2021;330000662;INSTITUT BERGONIE;330781329;43;2;;;;;;;45
Q22;2021;330780081;CLINIQUE SAINT- AUGUSTIN;330000043;2;;;;;;;;2
Q22;2021;330780495;CLINIQUE MUTUALISTE DU MEDOC;330796392;3;;;;;;;;3
Q22;2021;330780636;CSMI RENOVATION - CMP BORDEAUX-NORD;330785072;2;;;;;;;;2
Q22;2021;330781139;CRF LA TOUR DE GASSIES;330056540;3;;;;;1;;;4
Q22;2021;330781303;HIA ROBERT PICQUE;750821092;2;;;7;;;;;9
Q22;2021;330781337;HOPITAL XAVIER ARNOZAN - CHU;330781196;4;;1;5;;1;;;11
Q22;2021;330781352;HOPITAL SAINT-ANDRE - CHU;330781196;47;5;2;11;;13;4;;82
Q22;2021;330781360;GROUPE HOSPITALIER PELLEGRIN - CHU;330781196;319;32;18;45;;59;13;;486
Q22;2021;330781402;NOUVELLE CLINIQUE BORDEAUX TONDU;330000670;1;;;;;;;;1
Q22;2021;330782582;POLYCLINIQUE JEAN VILLAR;330000928;1;;;;;;;;1
Q22;2021;330783648;HOPITAL HAUT-LEVEQUE - CHU;330781196;123;24;;1;;10;15;;173
Q22;2021;330783721;HOPITAL GARDEROSE;330781253;4;0;0;0;0;1;0;0;5
Q22;2021;330802752;CENTRE JEAN ABADIE - CHU;330781196;3;;;;;;;;3
Q22;2021;340000025;INSTITUT ST PIERRE;340022722;4;;;;;2;;;6
Q22;2021;340000033;CH BEZIERS;340780055;17;7;;15;;2;26;10;67
Q22;2021;340000207;ICM;340780493;34;2;;;;;9;8;45
Q22;2021;340000223;HOPITAL ST CLAIR HBT SETE;340011295;4;2;;14;;1;7;;28
Q22;2021;340001064;CENTRE MUTUALISTE NEUROLOGIQUE PROPARA;340013028;1;;;;;;;;1
Q22;2021;340008275;CENTRE ANTONIN BALMES CHU MONTPELLIER;340780477;10;;;;2;4;;;16
Q22;2021;340015502;CL DU MILLENAIRE;340000512;9;;;;;1;;;10
Q22;2021;340016732;HJ PSY ADULTES SITE PERREAL;340780055;1;;;;;;;;1
Q22;2021;340019090;CRF BOURGES;340019082;;;;1;;;;;1
Q22;2021;340022979;POLYCL ST ROCH;340000306;4;1;;;;;;;5
Q22;2021;340024314;CL ST JEAN SUD DE FRANCE;340000272;;;;3;;;1;;4
Q22;2021;340780212;CRF STER LAMALOU LES BAINS;340796069;;;;;;;1;;1
Q22;2021;340780485;CHS LA COLOMBIERE CHU MONTPELLIER;340780477;28;1;;1;1;5;1;;37
Q22;2021;340780642;CL BEAU SOLEIL;340785856;8;0;0;4;0;0;0;0;12
Q22;2021;340780667;CL DU PARC;340000280;;1;0;4;0;0;0;0;5
Q22;2021;340780790;CL ST ANTOINE;340000389;1;;;;;;;;1
Q22;2021;340781608;CL DU MAS DE ROCHET;340015171;;;;;;;1;;1
Q22;2021;340782036;HOPITAL ST ELOI CHU MONTPELLIER;340780477;71;13;;10;3;8;17;;122
Q22;2021;340782085;HOPITAL GUI DE CHAULIAC CHU MTP;340780477;54;2;23;3;3;16;10;;111
Q22;2021;340785161;HOPITAL LAPEYRONIE CHU MONTPELLIER;340780477;158;36;;29;28;43;27;;321
Q22;2021;340789981;CL FONTFROIDE;340001866;1;;;;;;;;1
Q22;2021;340796663;HOPITAL ARNAUD DE VILLENEUVE CHU MPT;340780477;87;5;;16;2;18;12;;140
Q22;2021;350000063;HOPITAL ST THOMAS DE VILLENEUVE BAIN;220020739;;;;1;;;;;1
Q22;2021;350000121;CHP SAINT GREGOIRE;350000303;2;;;;;;;;2
Q22;2021;350000139;CLINIQUE MUTUALISTE DE LA SAGESSE;350001137;6;;;1;;;;;7
Q22;2021;350000147;CENTRE HOSPITALIER SAINT-MALO;350000022;25;;;21;1;7;2;;56
Q22;2021;350000154;C.H FOUGERES;350000030;0;0;0;13;0;1;0;0;14
Q22;2021;350000162;CHIRC SITE REDON;350000048;;;;8;;;;;8
Q22;2021;350000188;CENTRE HOSPITALIER VITRE;350000055;;;;9;;;;;9
Q22;2021;350000337;C.H. GUILLAUME REGNIER RENNES;350000246;27;2;;;;5;;;34
Q22;2021;350000436;CENTRE HOSPITALIER MONTFORT-SUR-MEU;350002317;;;;1;;;;;1
Q22;2021;350000444;CH DES MARCHES DE BRETAGNE - ANTRAIN;350048518;;;;1;;;;;1
Q22;2021;350000741;CHRU RENNES SITE PONTCHAILLOU;350005179;224;31;19;16;;34;16;6;340
Q22;2021;350002234;CLINIQUE FSEF RENNES BEAULIEU;750720575;;;;1;;;;;1
Q22;2021;350002564;POLE MPR SAINT HELIER;350046199;3;;;;;;;;3
Q22;2021;350002812;C.R.L.C.C. EUGENE MARQUIS;350023503;20;2;0;0;0;0;0;0;22
Q22;2021;350005021;POLE GERIATRIQUE RENNAIS;440042844;4;;;;;;0;;4
Q22;2021;350006771;CHRU RENNES SITE LA TAUVRAIS;350005179;5;;;7;;1;;;13
Q22;2021;350007084;CHRU RENNES SITE HOPITAL SUD;350005179;97;;;20;;15;2;1;134
Q22;2021;350008579;CENTRE DE READAPTATION DU PATIS FRAUX;350039673;1;;;;;;;;1
Q22;2021;350053013;CHU RENNES SITE SAINT LAURENT;350005179;;;;3;;;;;3
Q22;2021;350054680;POLYCLINQUE SAINT LAURENT;220020739;1;;;4;;;;;5
Q22;2021;360000038;CH LA TOUR BLANCHE - ISSOUDUN;360000046;;;;4;;;2;1;6
Q22;2021;360000137;CH CHATEAUROUX;360000053;4;0;0;6;1;0;21;5;32
Q22;2021;360000145;CH LA CHATRE;360000061;;;;;;;1;;1
Q22;2021;360000160;CH DU BLANC;360000053;0;0;0;0;0;0;2;0;2
Q22;2021;360003149;CH CHATEAUROUX SSR ZAC DES CHEVALIERS;360000053;0;0;0;1;0;0;0;1;1
Q22;2021;370000119;CLINIQUE VONTES;370013062;1;;;;;;;;1
Q22;2021;370000218;CRF CLOS ST VICTOR - JOUÉ LÈS TOURS;450018106;;;;;;;1;;1
Q22;2021;370000374;CRF BEL AIR;750721334;1;;;;;;;;1
Q22;2021;370000499;CHRU CLOCHEVILLE - TOURS;370000481;17;2;;5;24;4;1;1;53
Q22;2021;370000515;CTRE CONVAL. L'ERMITAGE CHRU TOURS;370000481;;;;6;;;;;6
Q22;2021;370000531;CH DU CHINONAIS;370000606;0;0;0;11;0;2;0;0;13
Q22;2021;370000580;CHIC CHÂTEAU-RENAULT HÔP DR J.DELANEAU;370000564;;;;2;;;;;2
Q22;2021;370000861;CHRU BRETONNEAU - TOURS;370000481;158;22;;17;5;27;9;6;238
Q22;2021;370000879;CHIC - AMBOISE- HÔPITAL ROBERT DEBRÉ;370000564;;;;6;;;;;6
Q22;2021;370000903;CH PAUL MARTINAIS - LOCHES;370000614;0;0;0;1;2;0;1;0;4
Q22;2021;370000986;CH LOUIS SEVESTRE;370000713;1;;;;;;;;1
Q22;2021;370001109;CH DE LUYNES - ET;370002701;3;;;;;;;;3
Q22;2021;370001158;CH SAINTE MAURE DE TOURAINE;370004327;;;;1;;;;;1
Q22;2021;370004301;USSR PERSONNES AGEES CH DE LOCHES;370000614;0;0;0;1;0;0;0;0;1
Q22;2021;370004467;CHRU TROUSSEAU - CHAMBRAY;370000481;107;13;;12;8;35;5;2;180
Q22;2021;370005050;CENTRE PSY.UNIVERSITAIRE-CHRU TOURS;370000481;10;;;;;2;1;0;13
Q22;2021;370007569;PÔLE SANTÉ LÉONARD DE VINCI;370007528;2;;;;3;;;;5
Q22;2021;370009938;HAD VAL DE LOIRE;440052041;;1;;1;;;;;2
Q22;2021;370013450;CORT37 (RADIOTHE) SITE PSLV;370002149;1;;;;;;;;1
Q22;2021;380000018;CH RHUMATOLOGIQUE D'URIAGE;380780023;;;;3;;;2;2;5
Q22;2021;380000034;CH PIERRE OUDOT BOURGOIN JALLIEU;380780049;41;3;;;;5;7;;56
Q22;2021;380000042;CH YVES TOURAINE;380780056;;;;;;;2;;2
Q22;2021;380000067;HOPITAL NORD - CHU38;380780080;356;57;;178;;73;24;6;688
Q22;2021;380000091;CH DE SAINT MARCELLIN;380780171;;;;;;2;3;3;5
Q22;2021;380000133;CH ALPES ISERE;380780247;20;2;;;;4;;;26
Q22;2021;380000174;CH LUCIEN HUSSEL DE VIENNE;380781435;14;4;0;29;2;2;6;5;57
Q22;2021;380000406;HOPITAL DE VOIRON - CHU38;380780080;10;1;;19;;3;4;3;37
Q22;2021;380009928;CENTRE MEDICAL ROCHEPLANE;380804542;;;;5;;;;;5
Q22;2021;380012658;GROUPE HOSPIT. MUTUALISTE DE GRENOBLE;380012609;9;2;;6;4;;;;21
Q22;2021;380020388;MEDECINE POLYVALENTE COUBLEVIE - CHU38;380780080;;;;2;;;;;2
Q22;2021;380780296;CLINIQUE DU DAUPHINE;380021550;1;;;;;;;;1
Q22;2021;380780312;CLINIQUE FSEF GRENOBLE LA TRONCHE;750720575;4;0;0;0;0;;;;4
Q22;2021;380782722;HOPITAL SUD - CHU38;380780080;22;1;;5;;6;3;;37
Q22;2021;380786442;CLINIQUE BELLEDONNE;380798025;1;;;;1;;;;2
Q22;2021;390000040;CH LONS;390780146;7;0;0;15;1;0;12;11;35
Q22;2021;390000065;CH LOUIS JAILLON SAINT CLAUDE;390780161;;;;;;;4;;4
Q22;2021;390000073;CHI PAYS REVERMONT SITE SALINS;390780179;;;;2;;;;;2
Q22;2021;390000164;CHS SAINT YLIE JURA;390780476;;;;3;;1;6;;10
Q22;2021;390000222;CH LOUIS PASTEUR DOLE;390780609;6;;;14;;1;4;;25
Q22;2021;400000105;CENTRE HOSPITALIER DAX;400780193;13;2;;14;0;2;15;8;46
Q22;2021;400000113;CH MONT DE MARSAN - SITE DE STE ANNE;400011177;2;0;0;0;0;0;1;0;3
Q22;2021;400000139;CHI MONT DE MARSAN ET PAYS DES SOURCES;400011177;11;0;0;15;2;1;19;15;48
Q22;2021;400780250;CENTRE DE NOUVIELLE - SSR-MPR;400011177;0;0;0;0;0;0;2;2;2
Q22;2021;400791018;CTRE. EUROPEEN REEDUCATION DU SPORTIF;400790994;1;;;;;;;;1
Q22;2021;410000020;CH BLOIS SIMONE VEIL;410000087;39;0;0;9;0;9;15;0;72
Q22;2021;410000038;CH VENDOME - MONTOIRE;410000095;0;0;0;6;0;0;1;0;7
Q22;2021;410000046;CH ROMORANTIN-LANTHENAY;410000103;;1;;9;;;;;10
Q22;2021;410000053;CH SAINT AIGNAN;410000111;;;;1;;;;;1
Q22;2021;410000202;POLYCLINIQUE BLOIS;410000319;2;;;;;1;;;3
Q22;2021;410000442;RCRF LA MENAUDIERE - CHISSAY;750005068;1;;;1;;;;;2
Q22;2021;410000475;CLINIQUE MEDICALE DU CENTRE DE SAUMERY;410000475;1;;;;;;;;1
Q22;2021;410003768;SERVICE PSYCHIATRIE-ANNEXE-CH VENDOME;410000095;1;0;0;0;0;0;0;;1
Q22;2021;410004063;USSR CH DE VENDOME;410000095;0;0;0;2;0;0;0;0;2
Q22;2021;420000010;CH DE ROANNE;420780033;26;1;0;28;5;9;12;9;81
Q22;2021;420000226;CH DU FOREZ SITE DE MONTBRISON;420013831;;;;13;;2;3;;18
Q22;2021;420000234;CH DE FIRMINY;420780652;7;1;;12;9;1;5;2;35
Q22;2021;420000242;CH GEORGES CLAUDINON;420780660;;;;4;;;;;4
Q22;2021;420000267;CH DU FOREZ SITE DE FEURS;420013831;;;;11;;;;;11
Q22;2021;420002479;ADENE HOSPITALISATION A DOMICILE;340027937;;;;1;;;;;1
Q22;2021;420009599;CH DU GIER - SITE PINAY GERIATRIE;420002495;;;;2;;1;;;3
Q22;2021;420010050;CLINIQUE MUTUALISTE MFL SSAM;420787061;12;;;;;;;;12
Q22;2021;420010258;GCS SANTE A DOM SAINT-PRIEST-EN-JAREZ;420010209;;;;2;;;;;2
Q22;2021;420011413;HOPITAL PRIVE DE LA LOIRE;420011405;;;;3;2;;;;5
Q22;2021;420780637;CH DU GIER - MCO;420002495;16;;;;;1;;;17
Q22;2021;420780678;HOPITAL DU GIER - SITE MARREL SSR;420002495;1;;;;;;;;1
Q22;2021;420782559;HOPITAL DE BELLEVUE - CHU42;420784878;65;3;0;119;0;12;;;199
Q22;2021;420782567;HOPITAL DE LA CHARITE - CHU42;420784878;9;;;13;;;;;22
Q22;2021;420784845;ANNEXE BONVERT CH ROANNE;420780033;;;;2;;;;;2
Q22;2021;420785354;HOPITAL NORD - CHU42;420784878;240;5;;38;19;;11;;313
Q22;2021;430000026;CHS SAINTE MARIE LE PUY;630786754;3;;;;;;;1;3
Q22;2021;430000117;CH EMILE ROUX LE PUY;430000018;28;1;0;19;0;4;18;6;70
Q22;2021;430000190;CH DE BRIOUDE;430000034;3;1;;1;2;;;;7
Q22;2021;440000016;CH DE SAINT NAZAIRE;440000057;35;2;2;25;13;10;1;;88
Q22;2021;440000024;CH REEDAPTATION DE MAUBREUIL;440000065;;;;;;;1;;1
Q22;2021;440000180;CHS BLAIN;440000263;2;;;2;;2;;;6
Q22;2021;440000255;CRF LA TOURMALINE;440042844;1;;;;;;;;1
Q22;2021;440000271;CHU DE NANTES SITE HOTEL DIEU HME;440000289;230;32;17;52;;45;6;6;382
Q22;2021;440000396;CH ERDRE ET LOIRE;440053643;;;;10;;1;;;11
Q22;2021;440000453;CHU DE NANTES SITE HOPITAL BELLIER;440000289;3;;;3;;1;;;7
Q22;2021;440000503;CH CNP SITE CHATEAUBRIANT;440000313;0;0;0;9;0;0;1;0;10
Q22;2021;440000883;HIC SEVRE ET LOIRE - VERTOU;440042141;;;;3;;;;;3
Q22;2021;440001113;ICO - SITE GAUDUCHEAU;490017258;24;2;;;;2;;;28
Q22;2021;440001253;HIC DE LA PRESQU'ILE-SITE DE GUERANDE;440028538;;;;2;;;;;2
Q22;2021;440001287;HIC PAYS DE RETZ - PORNIC;440041531;;;;2;;;;;2
Q22;2021;440001964;CH PIERRE DELAROCHE;440003267;;;;2;;;;;2
Q22;2021;440001972;CH GEORGES DAUMEZON;440003309;5;;;2;;;2;;9
Q22;2021;440003291;CHU DE NANTES SITE SAINT JACQUES;440000289;14;6;;;;3;1;1;24
Q22;2021;440007607;CH ST NAZAIRE - HEINLEX;440000057;5;;;;;;;;5
Q22;2021;440017440;HOPITAL A DOMICILE CH ST NAZAIRE;440000057;;;;1;;;;;1
Q22;2021;440017598;CHU DE NANTES SITE LAENNEC;440000289;101;5;;8;;12;7;;133
Q22;2021;440021392;HOP PSY STJACQUES CHU NANTES;440000289;30;;;;;5;1;1;36
Q22;2021;440041580;HOPITAL PRIVE DU CONFLUENT;440041572;;1;;;1;1;;;3
Q22;2021;440050433;CLINIQUE MUTUALISTE DE L'ESTUAIRE;440053429;5;;;;;1;;;6
Q22;2021;450000047;CH DEZARNAULDS - GIEN;450000096;;;;8;;;;;8
Q22;2021;450000062;CH AGGLOMERATION MONTARGOISE;450000104;7;;;5;;;40;8;52
Q22;2021;450000070;CH PITHIVIERS;450000112;;;;;;;4;;4
Q22;2021;450000294;ORELIANCE - REINE BLANCHE;450000591;;;;;2;;;;2
Q22;2021;450000930;EPSM DU LOIRET G. DAUMEZON;450002423;5;;;;;;;;5
Q22;2021;450002613;CHR ORLÉANS - HÔPITAL DE LA SOURCE;450000088;96;6;;24;12;15;45;26;198
Q22;2021;450010079;ORELIANCE - LONGUES ALLEES;450000195;;;;2;;;;;2
Q22;2021;460000045;CH FIGEAC SITE MAQUISARDS;460780083;;;;2;;;1;;3
Q22;2021;460000052;CH ST JACQUES ST CERE;460780091;;;;;;;1;;1
Q22;2021;460000110;CH JEAN ROUGIER CAHORS;460780216;13;0;0;8;0;0;5;2;26
Q22;2021;460780042;SSR CL DU QUERCY BELLEVUE;460000029;;;;1;;;;;1
Q22;2021;470000423;CH AGEN NERAC - HOPITAL SAINT-ESPRIT;470016171;11;2;;21;;1;17;;52
Q22;2021;470000431;CH VILLENEUVE -POLE SANTE VILLENEUVOIS;470000324;;;;10;;;3;;13
Q22;2021;470000480;CENTRE HOSPITALIER DE MARMANDE - CHIC;470001660;;;;9;1;;2;;12
Q22;2021;470000555;CENTRE HOSPITALIER TONNEINS;470001660;;;;1;;;;;1
Q22;2021;470000563;CH DEPARTEMENTAL DE LA CANDELIE;470000381;3;;;;;1;;;4
Q22;2021;470000571;CENTRE HOSPITALIER DE FUMEL;470000407;1;;;;;;;;1
Q22;2021;480000017;HOPITAL LOZERE SITE VALLEE DU LOT;480780097;;;;;5;;1;;6
Q22;2021;490000049;CHR ANGERS SITE LARREY;490000031;259;15;0;40;20;54;7;5;395
Q22;2021;490000106;CESAME CHS STE GEMMES SUR LOIRE;490000163;10;1;;;;4;1;;16
Q22;2021;490000155;ICO - SITE PAUL PAPIN;490017258;27;2;;;;;;;29
Q22;2021;490000601;SSR LES RECOLLETS;750052037;;;;1;;;;;1
Q22;2021;490000635;CH DE CHOLET;490000676;26;1;;31;7;11;;;76
Q22;2021;490000643;SSR LE CHILLON;440042844;1;;;1;;;;;2
Q22;2021;490001765;CH DE SAUMUR;490528452;2;1;;24;;;;;27
Q22;2021;490002979;INSTITUT PSYCHOTHERAPIQUE;490535705;1;;;;;;;;1
Q22;2021;490009248;SSR SAINT CLAUDE;490535168;;;;1;;;;;1
Q22;2021;490014909;CLINIQUE DE L'ANJOU;490008109;1;;;1;;;;;2
Q22;2021;490015906;CLINIQUE ST LEONARD;490000197;2;;;;;;;;2
Q22;2021;490016334;HAD MAUGES BOCAGE CHOLETAIS;490016326;;;;1;;;;;1
Q22;2021;490016870;HAD OUEST ANJOU SAUMUROIS;440052041;1;;;;;;;;1
Q22;2021;490529005;SSR CHR D ANGERS;490000031;2;0;0;5;0;1;1;0;9
Q22;2021;490531910;SSR LES CAPUCINS;490535093;10;;;;;;;;10
Q22;2021;490543675;SSR ANJOU;490009529;;;;1;;;;;1
Q22;2021;500000021;CHAG - SITE AVRANCHES;500000054;16;;;22;2;2;1;;43
Q22;2021;500000146;HOPITAL PRIVÉ DE LA BAIE;500000500;2;;;;;;;;2
Q22;2021;500000187;CHPC - SITE CHERBOURG;500000013;51;;;;;4;11;;66
Q22;2021;500000229;CRF -LE NORMANDY- - GRANVILLE;500000567;1;;;;;1;;;2
Q22;2021;500000260;CHAG - SITE GRANVILLE;500000054;;;;4;;;;;4
Q22;2021;500000427;CH DE SAINT HILAIRE DU HARCOUET;500000096;;;;;;;1;;1
Q22;2021;500000450;CH MEMORIAL - SAINT-LO;500000112;37;;;17;6;9;;;69
Q22;2021;500000468;CHPC - SITE VALOGNES;500000013;;;;;;;7;;7
Q22;2021;500000476;HOPITAL LOCAL - VILLEDIEU LES POELES;500000138;;;;1;;;;;1
Q22;2021;500000575;CENTRE HOSPITALIER DE L'ESTRAN;500000245;;;;;;;2;;2
Q22;2021;500000591;CENTRE HOSPITALIER DE COUTANCES;500000393;3;;;;;;;;3
Q22;2021;500010384;FONDATION BON SAUVEUR DE LA MANCHE;500010384;1;;;;;;;;1
Q22;2021;500021423;CRF LE NORMANDY II;500000567;1;;;;;;;;1
Q22;2021;500021449;CENTRE DE RADIOTHERAPIE DE LA BAIE;500018296;;;;1;;;;;1
Q22;2021;510000169;CENTRE HOSPITALIER DE CHALONS;510000037;23;1;;24;;5;2;;55
Q22;2021;510000219;ETABT PUBLIC DE SANTE MENTALE MARNE;510000052;16;;;;;3;1;;20
Q22;2021;510000235;CENTRE HOSPITALIER D'EPERNAY;510000060;10;1;;16;;2;;;29
Q22;2021;510000250;CENTRE HOSPITALIER VITRY LE FRANCOIS;510000078;;;;1;;;;;1
Q22;2021;510000292;EHSSR STE MARTHE;750720534;;;;2;;;;;2
Q22;2021;510000516;INSTITUT GODINOT;510000136;30;2;;;;;;;32
Q22;2021;510002447;HOPITAL ROBERT DEBRE CHU REIMS;510000029;159;29;1;5;0;26;15;3;235
Q22;2021;510002454;HOPITAL SEBASTOPOL CHU REIMS;510000029;7;;;9;;;3;;19
Q22;2021;510002470;AMERICAN MEMORIAL HOSPITAL CHU REIMS;510000029;14;;;1;11;1;4;;31
Q22;2021;510004302;HOPITAL MAISON BLANCHE CHU REIMS;510000029;77;14;16;12;6;61;5;6;191
Q22;2021;510011679;RESIDENCE ROUX (USLD) CHU DE REIMS;510000029;;;;2;;;;;2
Q22;2021;510012040;POLYCLINIQUE DES BLEUETS;510000532;;;;2;;;;;2
Q22;2021;510024359;CLINIQUE TERRE DE FRANCE CLINEA;920030269;;;;1;;;;;1
Q22;2021;510026339;HOSPITALISATION RÉMOISE - USCAR;510000052;2;;;;;;;;2
Q22;2021;520000027;CENTRE HOSPITALIER DE CHAUMONT;520780032;0;0;0;8;8;;;;16
Q22;2021;520000043;CENTRE HOSPITALIER DE LANGRES;520780057;;;;1;;;;;1
Q22;2021;520000068;CH GENEVIEVE DE GAULLE ANTHONIOZ;520780073;6;1;;9;2;;7;2;25
Q22;2021;520000076;CH DE LA HAUTE MARNE-HOP ANDRE BRETON;520780081;;;;2;;;1;;3
Q22;2021;530000017;CH HAUT ANJOU SITE CHATEAU GONTIER;530000025;;;;17;;;;;17
Q22;2021;530000132;HOPITAL S.O. MAYENNAIS :SITE DE CRAON;530007202;;;;1;;;;;1
Q22;2021;530000140;HOPITAL LOCAL ERNEE;530000058;0;0;0;1;0;0;0;0;1
Q22;2021;530000173;CH DU NORD MAYENNE;530000074;;;;3;13;;;;16
Q22;2021;530000264;CENTRE HOSPITALIER DE LAVAL;530000371;17;1;;27;;5;2;1;52
Q22;2021;540000015;CHRU NANCY - MATERNITE;540023264;42;1;;5;;7;2;0;57
Q22;2021;540000023;CENTRE HOSPITALIER SAINT CHARLES TOUL;540000049;11;;;;;9;2;;22
Q22;2021;540000155;CENTRE HOSPITALIER DE LUNEVILLE;540000080;5;2;;10;;3;5;;25
Q22;2021;540000163;CHRU NANCY - CENTRE EMILE GALLE;540023264;12;;;2;;3;1;0;18
Q22;2021;540000312;CENTRE HOSPITALIER ST NICOLAS DE PORT;540000114;;2;;1;;;;;3
Q22;2021;540000395;LES MAISONS HOSPITALIERES SITE NANCY;540000122;1;;;;;;2;;3
Q22;2021;540000478;CLINIQUE LOUIS PASTEUR;540003449;6;;;;;;;;6
Q22;2021;540000486;POLYCLINIQUE DE GENTILLY;540000932;3;0;0;;0;;0;0;3
Q22;2021;540000585;SSR DE FLAVIGNY - OHS;540006707;;;;;;;1;;1
Q22;2021;540000668;CTRE JACQUES PARISOT BAINVILLE S MADON;540006707;;;;;;;12;;12
Q22;2021;540000973;CTRE D'OBSERVATION ET DE CURE FLAVIGNY;540006707;;;;;;;13;;13
Q22;2021;540001070;CH DE BRIEY - HOPITAL MAILLOT;540000767;;1;;12;;;5;5;18
Q22;2021;540001096;CH DE MT ST MARTIN (GROUPE SOS SANTE);570010181;;;;;;;5;;5
Q22;2021;540001138;CHRU NANCY - HOPITAL CENTRAL;540023264;82;7;5;11;;15;2;0;122
Q22;2021;540001286;INSTITUT DE CANCEROLOGIE DE LORRAINE;540003019;29;2;;;;7;3;;41
Q22;2021;540002698;CHRU NANCY - HOPITAUX DE BRABOIS;540023264;228;27;;14;;25;11;0;305
Q22;2021;540003043;CHRU NANCY - HOPITAL SAINT JULIEN;540023264;2;;;;;1;;;3
Q22;2021;540006459;CHRU NANCY - USLD ST JULIEN;540023264;2;;;1;;;;;3
Q22;2021;540008364;USLD CH TOUL;540000049;;;;;;;1;;1
Q22;2021;540009412;CTRE DE READAPTATION LAY ST CHRISTOPHE;540019726;;;;2;;;;;2
Q22;2021;540009701;INST REGIONAL DE READAPTATION NANCY;540019726;;;;4;;;;;4
Q22;2021;540013737;IRR CTRE DE READAPTATION POUR ENFANTS;540019726;;;;2;;;;;2
Q22;2021;540014073;CHS CENTRE PSYCHOTHERAPIQUE DE NANCY;540000056;31;1;;;;7;;;39
Q22;2021;540022811;CHRU NANCY - HJ SSR CTRE BASSE VISION;540023264;1;;;;;;;;1
Q22;2021;550000012;CH VERDUN/ST MIHIEL-HOP ST NICOLAS;550006795;;4;;49;;;29;14;82
Q22;2021;550000038;CENTRE HOSPITALIER ST-CHARLES COMMERCY;550000046;;;;1;;;1;;2
Q22;2021;550000434;CENTRE HOSPITALIER DE BAR-LE-DUC;550003354;9;;;;;;2;7;11
Q22;2021;550003362;CH VERDUN/ST MIHIEL - HOP DESANDROUINS;550006795;;;;;;;2;2;2
Q22;2021;560000127;CHBA SITE DE VANNES;560023210;44;1;0;21;7;11;1;1;85
Q22;2021;560000135;GHBS- HÔPITAL DU SCORFF;560005746;27;1;;26;6;9;;;69
Q22;2021;560000143;CHCB- SITE KÉRIO;560014748;;;;10;;;2;;12
Q22;2021;560000192;CENTRE HOSPITALIER DE PLOERMEL;560000044;;;;2;5;;;;7
Q22;2021;560000200;CHBA SITE D'AURAY;560023210;;;;4;;;;;4
Q22;2021;560000382;ETABLISSEMENT PUBLIC DE SANTE MENTALE;560002032;8;;;;;;;;8
Q22;2021;560000697;EPSM JEAN-MARTIN CHARCOT;560002677;;;;1;;;;;1
Q22;2021;560002024;CTRE DE REED.FONCTIONNELLE DE KERPAPE;560006074;1;;;;;;;;1
Q22;2021;560003055;CENTRE DE SOINS DE SUITE KORN-ER-HOUET;440042844;1;;;;;;;;1
Q22;2021;560008799;HÔPITAL PRIVÉ OCÉANE;560013989;2;;;;;;;;2
Q22;2021;570000059;CH MARIE-MADELEINE DE FORBACH;570025254;2;;;12;;;15;10;29
Q22;2021;570000117;CH SAINT-NICOLAS DE SARREBOURG;570015099;;;;7;;0;8;;15
Q22;2021;570000216;HOPITAL DE SAINT AVOLD - SOS SANTE;570010181;;;;;3;;;;3
Q22;2021;570000281;HOPITAL D'HAYANGE - CHR;570005165;;;;;;;1;1;1
Q22;2021;570000349;HOPITAL BEL AIR DE THIONVILLE - CHR;570005165;44;2;;;;4;;;50
Q22;2021;570000596;HIA LEGOUEST;750821092;6;;;15;1;2;;;24
Q22;2021;570000885;CENTRE HOSPITALIER DE LORQUIN;570000133;3;;;;;;6;4;9
Q22;2021;570000893;CHS DE SARREGUEMINES;570000141;7;;0;;0;0;;0;7
Q22;2021;570000901;HOPITAL ROBERT PAX DE SARREGUEMINES;570000158;;;;11;2;1;1;;15
Q22;2021;570000950;CLINIQUE STE ELISABETH DE YUTZ;570000398;2;;;;;;;;2
Q22;2021;570001016;CHS DE JURY;570000513;9;0;0;0;0;0;5;;14
Q22;2021;570001057;HOPITAL BELLE-ISLE DE METZ - HPM;570023630;;;;1;;;;;1
Q22;2021;570003079;CENTRE DE GERIATRIE LE KEM - SOS SANTE;570010181;;;;2;;1;;;3
Q22;2021;570005215;CENTRE FELIX MARECHAL DE METZ - CHR;570005165;2;;;;;;;;2
Q22;2021;570010181;ASSOCIATION GROUPE SOS SANTE;570010181;;;;;;;5;;5
Q22;2021;570026252;HOPITAL ROBERT SCHUMAN DE VANTOUX -HPM;570023630;;;;33;;;;;33
Q22;2021;570026682;HOPITAL DE MERCY - CHR METZ THIONVILLE;570005165;120;4;1;;;30;;;155
Q22;2021;580004836;CENTRE COLBERT MEDECINE ET SSR;580780039;;;;2;;;1;;3
Q22;2021;580972008;CRF PASORI - COSNE;580000628;2;;;;;;;;2
Q22;2021;580972636;CENTRE HOSPITALIER PIERRE LÔO;580780971;1;;;1;;;;;2
Q22;2021;580972669;CH CLAMECY;580780070;;;;;;;2;2;2
Q22;2021;580972677;CH COSNE COURS SUR LOIRE;580780088;0;0;0;1;0;0;0;0;1
Q22;2021;580972693;HOPITAL PIERRE BEREGOVOY;580780039;12;;;3;2;;26;16;43
Q22;2021;590000014;CH SOMAIN;590780052;1;;;2;;;;;3
Q22;2021;590000097;CH LA BASSEE;590780185;2;;;;;;;;2
Q22;2021;590000105;CHR LILLE;590780193;42;;;4;;11;;;57
Q22;2021;590000113;GROUPE HOSPITALIER LOOS HAUBOURDIN;590053120;;;;1;;;6;6;7
Q22;2021;590000121;CH SECLIN;590780227;19;2;1;16;4;2;2;0;46
Q22;2021;590000188;CLCC OSCAR LAMBRET LILLE;590780334;64;6;;;;;4;;74
Q22;2021;590000337;CH DUNKERQUE;590781415;29;4;0;16;9;10;10;2;78
Q22;2021;590000428;CH CAMBRAI;590781605;3;;;12;0;;;;15
Q22;2021;590000436;CH LE CATEAU;590781621;;;;3;;;1;;4
Q22;2021;590000451;CH HAUTMONT;590781647;;;;1;;;1;;2
Q22;2021;590000477;CH LE QUESNOY;590781670;;1;;1;;;1;;3
Q22;2021;590000527;CH AVESNES;590781795;;;;;;;2;0;2
Q22;2021;590000535;CH SAMBRE AVESNOIS MAUBEUGE;590781803;3;;;;9;;4;;16
Q22;2021;590000592;CH DENAIN;590782165;2;;;7;;;2;;11
Q22;2021;590000600;CH SAINT- AMAND LES EAUX;590782207;3;0;0;0;0;0;0;;3
Q22;2021;590000618;CH VALENCIENNES;590782215;68;17;;25;;20;43;;173
Q22;2021;590000691;CH WATTRELOS;590782439;1;;;1;;;2;2;4
Q22;2021;590000758;CH ARMENTIERES;590782637;3;2;;16;2;0;5;3;28
Q22;2021;590000766;CH BAILLEUL;590782645;;;;2;;;;;2
Q22;2021;590000774;CH HAZEBROUCK;590782652;;;;1;5;;2;;8
Q22;2021;590000782;EPSM LILLE METROPOLE;590782660;14;;;3;;3;;;20
Q22;2021;590000790;EPSM DES FLANDRES;590782678;8;;;;;5;;;13
Q22;2021;590001004;CH DOUAI DECHY;590783239;40;4;;13;;9;14;3;80
Q22;2021;590001418;EPSM AGGL LILLOISE ST-ANDRE;590034740;14;1;0;5;0;5;0;0;25
Q22;2021;590001442;CH ZUYDCOOTE;590784245;;;;2;;;1;;3
Q22;2021;590001582;CH INTERCOMMUNAL WASQUEHAL;590785663;;;;3;;;;;3
Q22;2021;590006607;HOP JEANNE DE FLANDRE CHR LILLE;590780193;106;;;8;;8;11;4;133
Q22;2021;590040267;SSR MONTS DE FLANDRE EPSM FLANDRES;590782678;1;;;;;;;;1
Q22;2021;590044665;CLINIQUE FSEF VILLENEUVE D'ASCQ;750720575;1;;;;;;;;1
Q22;2021;590049565;MAISON MEDICALE JEAN XXIII;780020715;;;;2;;;;;2
Q22;2021;590780284;GPT HOPITAUX INSTITUT CATHOLIQUE LILLE;590051801;50;1;;15;;;;;66
Q22;2021;590782611;SSR PEDIATRIQUE MARC SAUTELET;750719239;3;;;;;;;;3
Q22;2021;590784864;HOP CALMETTE CHR LILLE;590780193;4;;;3;2;4;;;13
Q22;2021;590784898;HOP SWYNGHEDAUW CHR LILLE;590780193;10;;;;;3;2;;15
Q22;2021;590785341;HOPITAL DE JOUR DE LA M.G.E.N.;750005068;1;;;;;;;;1
Q22;2021;590785374;CLINIQUE TEISSIER;620001834;;;;3;;;0;;3
Q22;2021;590787586;HOP CARDIOLOGIQUE CHR LILLE;590780193;94;;;3;3;20;5;1;125
Q22;2021;590788865;SSR JARDINS DU VELODROME;590782421;;;;1;;;;;1
Q22;2021;590791091;CSPA LES BATELIERS CHRU LILLE;590780193;6;;;;;;;;6
Q22;2021;590791323;CTRE CONVALESCENCE SSR CH ARMENTIÈRES;590782637;;;;1;;;;;1
Q22;2021;590791729;RESIDENCE MALATRAY CH TOURCOING;590781902;;;;2;;;;;2
Q22;2021;590796975;HOP SALENGRO - HOPITAL B CHR LILLE;590780193;192;53;22;10;12;51;16;5;356
Q22;2021;590797353;HOPITAL SAINT VINCENT - SAINT ANTOINE;590051801;49;;;15;1;;1;;66
Q22;2021;590797387;CRF L'ESPOIR DE LILLE HELLEMMES;590805628;;;;1;;1;;;2
Q22;2021;590801106;HOPITAL VICTOR PROVO;590782421;67;;;23;;;;;90
Q22;2021;590804696;CENTRE HOPITALIER DE TOURCOING;590781902;32;3;;21;2;7;5;;70
Q22;2021;590806360;CLINIQUE DE LA MITTERIE;590003596;;;;2;;;;;2
Q22;2021;590811279;HOP CLAUDE HURIEZ CHR LILLE;590780193;165;1;;7;;29;13;6;215
Q22;2021;590812186;HOP LA FRATERNITE CH ROUBAIX;590782421;;;;;1;;;;1
Q22;2021;600000012;CTRE HOSPIT ISARIEN - EPSM DE L'OISE;600100028;9;;;;;2;1;;12
Q22;2021;600000053;CH GHPSO SENLIS;600101984;1;;;4;;;4;;9
Q22;2021;600000186;CH CLERMONT;600100648;;;;7;1;1;;;9
Q22;2021;600000194;CH BEAUVAIS;600100713;39;3;0;22;15;8;19;;106
Q22;2021;600000285;CH CHICN NOYON;600100721;0;0;0;3;0;0;1;0;4
Q22;2021;600000467;CH GHPSO CREIL;600101984;10;;;4;;1;34;;49
Q22;2021;600100184;CLINIQUE DU VALOIS;920033198;;;;1;;;;;1
Q22;2021;600100309;SSR CRF LAMORLAYE;750721334;;;;;;1;;;1
Q22;2021;600113476;CH CHICN COMPIÈGNE;600100721;34;0;0;18;0;2;13;4;67
Q22;2021;610000028;CENTRE PSYCHOTHERAPIQUE DE L'ORNE;610780025;;;;;;;6;0;6
Q22;2021;610000044;CENTRE HOSPITALIER DE L'AIGLE;610780074;0;0;0;0;0;0;1;0;1
Q22;2021;610000051;CHICAM - SITE ALENCON;610780082;7;;;12;;6;13;11;38
Q22;2021;610000069;CENTRE HOSPITALIER D'ARGENTAN;610780090;12;;;;4;1;4;2;21
Q22;2021;610000119;CH -JACQUES MONOD- - FLERS;610780165;0;0;0;16;0;0;18;0;34
Q22;2021;610780389;CMPR LA CLAIRIERE - FLERS;610787764;1;;;;;;;;1
Q22;2021;620000026;ETAB HOPALE CTRE CALOT/HELIO;620003814;;;;1;;;2;;3
Q22;2021;620000034;CH ARRAS;620100057;36;2;0;16;7;13;22;15;96
Q22;2021;620000224;CH BETHUNE;620100651;12;2;0;15;6;3;8;2;46
Q22;2021;620000240;CH HENIN BEAUMONT;620100677;6;0;;2;0;2;2;0;12
Q22;2021;620000257;CH LENS;620100685;69;7;;22;;16;12;;126
Q22;2021;620000281;EPSM VAL DE LYS ARTOIS;620101287;7;;;4;;1;1;;13
Q22;2021;620000323;CH CALAIS;620101337;45;5;;;39;;27;;116
Q22;2021;620000349;CH REGION DE ST OMER;620101360;4;1;;11;;;19;10;35
Q22;2021;620000653;CH BOULOGNE-SUR-MER;620103440;32;;;6;6;5;12;4;61
Q22;2021;620001834;ASSO GROUPE AHNAC;620001834;1;;;;;;;;1
Q22;2021;620003202;CH ARRONDISSEMENT DE MONTREUIL;620103432;4;;;18;2;2;1;;27
Q22;2021;620003350;HOPITAL DE RIAUMONT;620001834;3;;;;;;;;3
Q22;2021;620003376;POLYCLINIQUE MED CHIR D'HENIN-BEAUMONT;620001834;5;;;;;;;;5
Q22;2021;620003475;CTRE TRAITEMENT DEPENDANCES CH LENS;620100685;3;;;1;;;1;;5
Q22;2021;620018143;CENTRE DE SOINS PSY ROGER MISES;620100057;;;;2;;;;;2
Q22;2021;620026401;HOPALE REEDUCATION-CENTRE ARRAS;620024158;;;;1;;;;;1
Q22;2021;620026690;GCS CENTRE JOLIOT CURIE;620027839;1;;;;;;;;1
Q22;2021;620027664;ETABLISSEMENT HOPALE-CENTRE CALVÉ;620003814;2;;;;;;4;;6
Q22;2021;620100099;HOPITAL PRIVE ARRAS LES BONNETTES;620014779;;1;;;;;;;1
Q22;2021;620100347;CLINIQUE PSYCHIATRIQUE -LE RYONVAL-;590039863;3;;;;;;;;3
Q22;2021;630000131;CLINIQUE MED CARDIO PNEUMOLOGIE DURTOL;630003168;1;;;;;;;;1
Q22;2021;630000149;CH ETIENNE CLEMENTEL;630780302;2;;;;;2;1;;5
Q22;2021;630000404;HOPITAL GABRIEL MONTPIED - CHU63;630780989;183;20;;9;;45;33;;290
Q22;2021;630000412;CH D'AMBERT;630780997;;;;2;;;1;;3
Q22;2021;630000420;CH PAUL ARDIER ISSOIRE;630781003;4;1;;6;;;2;2;13
Q22;2021;630000438;CH DE RIOM;630781011;5;0;;10;2;2;2;;21
Q22;2021;630000446;CH DE THIERS;630781029;3;0;0;8;5;;;;16
Q22;2021;630000479;CENTRE LUTTE CONTRE LE CANCER J.PERRIN;630781110;32;4;;;;7;2;;45
Q22;2021;630000487;CENTRE DE REED.FONCT.NOTRE-DAME;630781136;1;;;;;1;;;2
Q22;2021;630010296;HAD 63 - SERVICE HAD;630001188;;;;2;;;;;2
Q22;2021;630780195;CHS SAINTE-MARIE CLERMONT-FERRAND;630786754;10;;;;;;;;10
Q22;2021;630781268;HOPITAL ESTAING - CHU63;630780989;104;8;17;12;;15;10;;166
Q22;2021;630781755;CENTRE MEDICAL INFANTILE DE ROMAGNAT;630011518;2;;;;;;;;2
Q22;2021;630781771;CMP - CHU63;630780989;20;;;;;8;1;;29
Q22;2021;630781839;HOPITAL PRIVE LA CHATAIGNERAIE;630000826;2;;;;;;;;2
Q22;2021;630783538;HOPITAL LOUISE MICHEL - CHU63;630780989;6;;;;;;;;6
Q22;2021;640000162;CH DE LA COTE BASQUE - BAYONNE;640780417;45;;;29;;11;2;;87
Q22;2021;640000402;CENTRE HOSPITALIER D'ORTHEZ;640780813;;;;5;3;;;;8
Q22;2021;640000410;CENTRE HOSPITALIER OLORON;640780821;;;;4;;;1;;5
Q22;2021;640000436;CENTRE HOSPITALIER DES PYRENEES;640780862;5;;;1;;1;1;;8
Q22;2021;640000600;CENTRE HOSPITALIER DE PAU;640781290;42;;;21;3;7;6;;79
Q22;2021;640005393;GROUPE RADIOTHER. ET ONCO. TARBES-PAU;650789068;1;;;;;;;;1
Q22;2021;640017646;CENTRE HOSPITALIER DE SAINT-PALAIS;640017638;;;;4;;;;;4
Q22;2021;640780490;CAPIO CLINIQUE AGUILERA;640000212;1;;;;;;;;1
Q22;2021;640780755;C.H.I.C. COTE BASQUE - ST JEAN DE LUZ;640780417;1;;;;;;;;1
Q22;2021;640780946;POLYCLINIQUE DE NAVARRE;640000469;1;;;2;;;;;3
Q22;2021;650000045;CH LOURDES;650780158;;;;3;1;;;;4
Q22;2021;650000052;CH BAGNERES DE BIGORRE;650780166;4;;;;1;;2;;7
Q22;2021;650000060;CH LANNEMEZAN;650780174;1;;;1;;2;;;4
Q22;2021;650000417;CH BIGORRE SITE GESPE TARBES;650783160;28;0;0;5;9;3;2;;47
Q22;2021;650780182;CH BIGORRE SITE VIC EN BIGORRE;650783160;;;;2;;;;;2
Q22;2021;650784218;CMC HOPITAUX DE LANNEMEZAN;650780174;;;;1;1;;;;2
Q22;2021;650786668;USLD CH BAGNERES DE BIGORRE;650780166;;;;;;;1;;1
Q22;2021;660000084;CH PERPIGNAN;660780180;36;4;1;47;;1;13;29;102
Q22;2021;660000092;CHS LEON JEAN GREGORY;660780198;3;;;;;;1;;4
Q22;2021;660000167;CH PRADES;660780271;;;;;;;1;;1
Q22;2021;670000025;HOPITAL CIVIL / NOUVEL HOPITAL CIVIL;670780055;202;6;16;19;;34;35;7;312
Q22;2021;670000058;EPSAN BRUMATH;670013366;15;;;1;;2;5;;23
Q22;2021;670000157;CENTRE HOSPITALIER DE HAGUENAU;670780337;23;2;0;24;3;11;10;0;73
Q22;2021;670000165;CH SAINTE-CATHERINE DE SAVERNE;670780345;2;1;;22;0;1;5;;31
Q22;2021;670000272;CH INTERCOMMUNAL DE LA LAUTER;670780543;;;;2;;;3;;5
Q22;2021;670000306;CENTRE HOSPITALIER DÉPARTEMENTAL;670780584;;;;2;;1;1;;4
Q22;2021;670000397;CENTRE HOSPITALIER DE SELESTAT;670017755;;;;37;;;;;37
Q22;2021;670000405;NOUVEL HOPITAL D'OBERNAI;670017755;;;;2;;;;;2
Q22;2021;670000603;CENTRE HOSPITALIER D'ERSTEIN;670781152;8;;;1;;;4;1;13
Q22;2021;670780113;CMCO;670780055;13;;;3;;3;;;19
Q22;2021;670780121;INST UNIV READAPT CLEMENCEAU STRASBG;670013754;4;;;;;4;1;;9
Q22;2021;670780188;CLINIQUE SAINTE-BARBE;670014604;;;;8;;;;;8
Q22;2021;670780212;CLINIQUE SAINTE-ANNE;670014604;;1;;;;;;;1
Q22;2021;670781129;INST UNIV READAPT CLEMENCEAU ILLKIRCH;670013754;6;0;0;0;0;0;0;0;6
Q22;2021;670783133;HOP ROBERTSAU/PAVILLON SCHUTZENBERGER;670780055;9;;;4;;3;;;16
Q22;2021;670783273;HOPITAL DE HAUTEPIERRE;670780055;181;25;1;20;;31;38;10;296
Q22;2021;670797539;CLINIQUE DE LA TOUSSAINT;670014604;1;;;;;;;;1
Q22;2021;670798636;CLINIQUE SAINT-LUC;670014604;5;;;;;;;;5
Q22;2021;670799550;HUS / USLD DE LA ROBERTSAU;670780055;1;;;;;;;;1
Q22;2021;680000130;CENTRE DE READAPTATION DE MULHOUSE;680000353;1;;;;;;;;1
Q22;2021;680000544;CENTRE HOSPITALIER D'ALTKIRCH;680020336;;;;4;;;;3;4
Q22;2021;680000601;HOPITAL DE THANN;680020336;;;;3;;;;3;3
Q22;2021;680000627;HOPITAL DU HASENRAIN;680020336;5;;;;;;3;1;8
Q22;2021;680000684;HOPITAL LOUIS PASTEUR;680000973;69;2;;39;5;17;68;32;200
Q22;2021;680000700;CENTRE HOSPITALIER DE GUEBWILLER;680001005;;;;;;;1;;1
Q22;2021;680000874;CENTRE HOSPITALIER DE ROUFFACH;680001179;6;;;;;2;3;2;11
Q22;2021;680004546;HOPITAL EMILE MULLER;680020336;63;3;0;60;15;10;42;37;193
Q22;2021;680004553;MAISON MEDICALE POUR PERSONNES AGEES;680020336;;;;7;;;;;7
Q22;2021;680004579;CENTRE POUR PERSONNES AGEES;680000973;;;;3;;1;;;4
Q22;2021;680007648;HAD CENTRE ALSACE;680007598;;;;1;;;;;1
Q22;2021;690000013;CH MONTGELAS;690780036;;;;;;;1;;1
Q22;2021;690000021;CH DE SAINTE FOY LES LYON;690780044;;;;1;;;5;;6
Q22;2021;690000088;CH LE VINATIER;690780101;41;1;;6;;13;4;;65
Q22;2021;690000096;CHS DE SAINT CYR AU MONT D'OR;690780119;6;;;;;;;2;6
Q22;2021;690000245;HOPITAL DE FOURVIERE;690780432;;1;;4;;;7;;12
Q22;2021;690000427;CTRE MEDICO-CHIR READAPT. LES MASSUES;750721334;5;;;;;;1;;6
Q22;2021;690000575;CH NORD OUEST - VILLEFRANCHE;690782222;3;3;;50;8;;15;;79
Q22;2021;690000625;CH DE TARARE;690782271;0;0;0;7;0;0;4;2;11
Q22;2021;690000773;CH DU MONT D'OR;690782925;1;1;;1;;;1;;4
Q22;2021;690000880;CENTRE LEON BERARD;690783220;49;3;;;;;6;;58
Q22;2021;690007539;HOPITAL FEMME MERE ENFANT - HCL;690781810;101;9;;8;;24;24;13;166
Q22;2021;690019849;IHOP - HCL;690781810;4;;;;;1;;;5
Q22;2021;690022959;HOPITAL PRIVE NATECIA;690000732;1;;;;;;;;1
Q22;2021;690023239;CLINIQUE DU PARC LYON;690000146;2;;;;;;;;2
Q22;2021;690023411;HOPITAL PRIVE JEAN MERMOZ;690000252;6;0;0;0;0;0;0;0;6
Q22;2021;690041124;MEDIPOLE HOPITAL PRIVE;690000724;6;;;;;;;;6
Q22;2021;690041132;MEDIPOLE HOPITAL MUTUALISTE;690006598;3;;;17;;;6;;26
Q22;2021;690041488;ADDIPSY;690041488;2;;;;;;;;2
Q22;2021;690780093;HIA DESGENETTES;750821092;4;;;2;;;1;;7
Q22;2021;690780549;CLINIQUE LYON LUMIERE;920030269;1;;;;;;;;1
Q22;2021;690780648;CLINIQUE DE LA SAUVEGARDE;690036900;5;;;;;;;;5
Q22;2021;690781745;CLINIQUE SAINT VINCENT DE PAUL LYON;690000542;1;;;;;;;;1
Q22;2021;690782081;CTRE DE SANTÉ MENTALE HJ MGEN;750005068;1;;;;;;;;1
Q22;2021;690783154;HOPITAL EDOUARD HERRIOT - HCL;690781810;140;7;20;14;;36;23;15;240
Q22;2021;690784137;HOPITAL LYON SUD - HCL;690781810;135;16;1;11;;36;37;17;236
Q22;2021;690784152;HOPITAL CROIX-ROUSSE - HCL;690781810;138;16;;12;;37;14;4;217
Q22;2021;690784178;HOPITAL PIERRE WERTHEIMER - HCL;690781810;38;1;;;;12;16;5;67
Q22;2021;690784186;HOPITAL LOUIS PRADEL - HCL;690781810;49;9;;;;7;20;9;85
Q22;2021;690784194;HOPITAL DES CHARPENNES - HCL;690781810;3;3;;5;;2;1;1;14
Q22;2021;690784202;HOPITAL HENRY GABRIELLE - HCL;690781810;9;;;;;2;;;11
Q22;2021;690787429;HOPITAL DR FREDERIC DUGOUJON - HCL;690781810;1;;;;;;;;1
Q22;2021;690787478;HOPITAL PIERRE GARRAUD - HCL;690781810;2;;;;;;2;2;4
Q22;2021;690796727;FONDATION ARHM;690796727;9;;;1;;2;;;12
Q22;2021;690805361;CH ST JOSEPH ST LUC;690805353;38;2;;8;4;10;1;;63
Q22;2021;700000011;GH HAUTE SAONE SITE GRAY;700004591;0;0;0;2;0;0;2;0;4
Q22;2021;700000029;GH HAUTE SAONE SITE VESOUL;700004591;34;0;0;27;3;5;20;11;89
Q22;2021;700000045;CLINIQUE MEDICALE BRUGNON AGACHE;250006335;;;;3;;;;;3
Q22;2021;700780042;CMPR BRETEGNIER HERICOURT;250006335;1;;;;;;;;1
Q22;2021;700780059;GH HAUTE SAONE SITE LUXEUIL;700004591;0;0;0;0;0;0;2;2;2
Q22;2021;700780075;CHS ST REMY ET NFC SITE SAINT REMY;700004096;6;;;;;1;1;;8
Q22;2021;700780208;GH HAUTE SAONE SITE LURE;700004591;0;0;0;0;0;0;2;2;2
Q22;2021;710002569;CLINIQUE DU CHALONNAIS;710000092;;;;1;;;;;1
Q22;2021;710006859;POLYCLINIQUE DU VAL DE SAONE;710000118;2;0;0;0;0;0;0;0;2
Q22;2021;710010067;CH DU PAYS CHAROLAIS BRIONNAIS;710780644;;;;8;;;24;;32
Q22;2021;710010786;CH AUTUN SITE PARPAS;710781451;;;;5;;;3;;8
Q22;2021;710014317;INSTITUT DE CANCEROLOGIE DE BOURGOGNE;210013645;1;;;;;;;;1
Q22;2021;710014820;CENTRE ONCOLOGIE RADIOTHÉRAPIE (ORLAM);710012915;;;;;;1;;;1
Q22;2021;710780917;HOPITAL PRIVE SAINTE MARIE;710000274;;;;3;;;;;3
Q22;2021;710781824;CTRE ORTHOPEDIQUE MEDICO CHIRURGICAL;710000464;1;;;;;;;;1
Q22;2021;710978180;CENTRE HOSPITALIER BELNAY;710781360;;;;;;;1;;1
Q22;2021;710978230;CENTRE HOSPITALIER SPECIALISE SEVREY;710781329;3;;;;;1;;;4
Q22;2021;710978248;CH AUTUN SITE LATOUCHE;710781451;;;;;;;1;;1
Q22;2021;710978263;CH WILLIAM MOREY CHALON SUR SAONE;710780958;39;1;0;11;4;9;2;2;66
Q22;2021;710978271;CH PAYS CHAROLAIS BRIONNAIS CHAROLLES;710780644;;;;1;;;;;1
Q22;2021;710978289;CH LES CHANAUX MACON;710780263;27;;;12;7;7;3;1;56
Q22;2021;710978313;CENTRE HOSPITALIER JEAN BOUVERI;710976705;;;;9;;;;1;9
Q22;2021;710978347;HOTEL DIEU DU CREUSOT;570010181;8;;;2;5;;;;15
Q22;2021;720000033;CENTRE HOSPITALIER DU MANS;720000025;104;3;0;31;15;16;24;9;193
Q22;2021;720000041;EPSM DE LA SARTHE;720000058;7;;;;;4;1;;12
Q22;2021;720000124;CENTRE HOSPITALIER CHATEAU DU LOIR;720000066;;;;;;;2;2;2
Q22;2021;720000249;CLINIQUE VICTOR HUGO;720000645;1;;;2;;;;;3
Q22;2021;720000413;CENTRE SSR FRANÇOIS GALLOUEDEC PARIGNE;720008390;1;;;;;;;;1
Q22;2021;720000470;CENTRE HOSPITALIER MAMERS;610780082;;;;1;;;;;1
Q22;2021;720000744;SSR CENTRE DE L'ARCHE;720000454;3;;;1;;1;3;;8
Q22;2021;720014729;CENTRE JEAN BERNARD;720002294;1;;;;;;;;1
Q22;2021;720016179;POLE SANTE SARTHE ET LOIR;720016724;;;;10;;;;;10
Q22;2021;720018100;CLINIQUE FSEF SABLE SUR SARTHE;750720575;1;;;;;;;;1
Q22;2021;730000031;CHMS CHAMBERY NH;730000015;45;5;;40;5;11;23;10;129
Q22;2021;730000080;CH DE SAINT JEAN DE MAURIENNE;730780103;;;;3;2;;;;5
Q22;2021;730000098;CHMS AIX GRAND PORT;730000015;;;;2;;;2;1;4
Q22;2021;730000262;CH D'ALBERTVILLE;730002839;13;;;0;;;;;13
Q22;2021;730000304;CHS DE LA SAVOIE;730780582;7;;;;;;;;7
Q22;2021;730783552;CHMS CHAMBERY HOTEL DIEU;730000015;1;;;;;;;;1
Q22;2021;730783644;CHMS AIX REINE HORTENSE;730000015;;;;;;2;;;2
Q22;2021;740000237;CH ANNECY-GENEVOIS SITE ANNECY;740781133;51;2;;28;2;11;17;4;111
Q22;2021;740000294;HOPITAL GABRIEL DEPLANTE;740781208;;;;1;;;;;1
Q22;2021;740000302;CH ANNECY-GENEVOIS SITE ST JULIEN EN G;740781133;;;;4;;2;;;6
Q22;2021;740000328;HOPITAUX DU LEMAN;740790381;9;;;19;;;;;28
Q22;2021;740000583;EPSM 74 INTRA & ADMIN;740785035;;;;;;;1;;1
Q22;2021;740013412;UNITE D'HOSPIT PSYCHIATRIQUE ADULTE;740781133;;;;;;;1;;1
Q22;2021;740781141;CH ALPES LEMAN;740790258;20;2;;20;2;2;14;14;60
Q22;2021;740781224;HOPITAUX DU MONT BLANC SITE SALLANCHES;740001839;2;;;21;;1;5;2;29
Q22;2021;750000481;CHNO DES QUINZE VINGTS PARIS;750110025;26;1;;;;6;2;1;35
Q22;2021;750000499;CH SAINTE ANNE;750062036;87;5;0;3;0;12;15;1;122
Q22;2021;750000507;HOPITAL SAINTE MARIE PARIS;750058844;2;0;0;0;0;2;0;0;4
Q22;2021;750000523;GH PARIS SITE SAINT JOSEPH;750150120;96;4;;;10;20;42;5;172
Q22;2021;750000549;HOPITAL FONDATION A DE ROTHSCHILD;750150229;65;1;;;;10;13;;89
Q22;2021;750006538;CMP CATTP ADULTE REPUBLIQUE;940016819;6;;;;;2;;;8
Q22;2021;750007668;HOPITAL DE JOUR LES AILES DEPLOYEES;750719270;3;;;;;2;;;5
Q22;2021;750039448;CTRE ACCUEIL FAM THERAPEUTIQUE ENFANTS;750720914;6;;;;;1;1;;8
Q22;2021;750041543;HU PARIS NORD SITE BRETONNEAU APHP;750712184;10;0;23;0;0;3;1;1;37
Q22;2021;750052037;FONDATION SAINT JEAN DE DIEU;750052037;1;;;;;;;;1
Q22;2021;750055287;AURA PARIS PLAISANCE;940026677;9;;;;;;2;;11
Q22;2021;750057028;ETB SANTE MENTALE DE PARIS MGEN;750005068;1;;;;;;;;1
Q22;2021;750100018;HU PARIS CENTRE SITE HOTEL DIEU APHP;750712184;25;0;0;0;4;1;1;0;31
Q22;2021;750100042;HU SAINT LOUIS SITE LARIBOISIERE APHP;750712184;133;11;1;0;14;14;35;3;208
Q22;2021;750100075;HU SAINT LOUIS SITE SAINT LOUIS APHP;750712184;105;18;0;0;10;15;31;0;179
Q22;2021;750100083;HU EST PARISIEN SITE ROTHSCHILD APHP;750712184;11;2;6;0;0;3;3;0;25
Q22;2021;750100091;HU EST PARISIEN SITE ST ANTOINE APHP;750712184;122;14;1;0;12;15;13;1;177
Q22;2021;750100109;HU EST PARISIEN SITE TROUSSEAU APHP;750712184;91;9;0;0;12;15;20;2;147
Q22;2021;750100125;HU PITIE SALPETRIERE APHP;750712184;268;20;33;0;15;46;94;7;476
Q22;2021;750100166;HU PARIS CENTRE SITE COCHIN APHP;750712184;185;21;0;0;11;31;55;7;303
Q22;2021;750100208;HU NECKER ENFANTS MALADES APHP;750712184;169;21;6;0;14;20;38;5;268
Q22;2021;750100232;HU PARIS NORD SITE BICHAT APHP;750712184;139;15;0;0;13;15;48;2;230
Q22;2021;750100273;HU EST PARISIEN SITE TENON APHP;750712184;91;7;0;0;9;22;14;1;143
Q22;2021;750100299;HU PARIS IDF SITE SAINTE PERINE APHP;750712184;4;0;0;0;0;2;0;0;6
Q22;2021;750150013;HOPITAL PIERRE ROUQUES LES BLUETS;750811887;10;;;2;;1;2;1;15
Q22;2021;750150104;INSTITUT MUTUALISTE MONTSOURIS;750720476;37;3;;;;5;25;;70
Q22;2021;750150146;HOPITAL LEOPOLD BELLAN;750720609;3;;;0;1;2;6;;12
Q22;2021;750150237;HOPITAL DE LA CROIX SAINT SIMON;750006728;41;1;;;;;7;;49
Q22;2021;750150260;HOPITAL DES DIACONESSES;750006728;;;;4;;;;;4
Q22;2021;750150344;HOPITAL PRIVE COGNACQ JAY;750720468;;;;1;;;;;1
Q22;2021;750160012;CLCC INSTITUT CURIE;750813321;;1;;24;;;7;;32
Q22;2021;750170102;HDJ INSTITUT PAUL SIVADON;750721391;3;;;;;;;;3
Q22;2021;750300097;INSTITUT ARTHUR VERNES;750813305;3;;;;;;;;3
Q22;2021;750301160;CLINIQUE MAUSSINS NOLLET;750001067;4;;;;;;;;4
Q22;2021;750801441;HU PARIS CENTRE SITE BROCA APHP;750712184;11;0;0;0;0;3;0;0;14
Q22;2021;750803447;HU PARIS OUEST SITE G POMPIDOU APHP;750712184;145;15;0;0;10;26;53;1;249
Q22;2021;750803454;HU ROBERT DEBRE APHP;750712184;101;10;1;0;12;16;31;3;171
Q22;2021;760000018;CH DIEPPE;760780023;29;;;35;;8;17;5;89
Q22;2021;760000133;CH HOPITAL PASTEUR VALLERY RADOT;760780213;0;0;0;1;0;0;0;0;1
Q22;2021;760000141;HOPITAL SAINT JULIEN CHU ROUEN;760780239;7;1;;10;;;2;2;20
Q22;2021;760000158;HOPITAL CHARLES NICOLLE CHU ROUEN;760780239;442;33;;165;;77;39;7;756
Q22;2021;760000166;CRLCC HENRI BECQUEREL ROUEN;760780247;33;3;;;;6;3;;45
Q22;2021;760000174;HL YVETOT;760780254;;;;1;;;;;1
Q22;2021;760000182;CH DU BELVEDERE MONT-SAINT-AIGNAN;760780262;10;;;1;;;;;11
Q22;2021;760000190;CHS DU ROUVRAY SOTTEVILLE-LES-ROUEN;760780270;34;1;;2;;12;12;9;61
Q22;2021;760000356;HOPITAL GUSTAVE FLAUBERT CH LE HAVRE;760780726;4;0;0;1;0;0;1;0;6
Q22;2021;760000364;CHI DU PAYS DES HAUTES FALAISES FECAMP;760780734;1;;;11;;;2;;14
Q22;2021;760000372;CH LILLEBONNE CHI CAUX VALLEE DE SEINE;760780742;;;;3;3;;1;;7
Q22;2021;760000463;CH LES FEUGRAIS CHI ELBEUF;760024042;31;3;;15;13;9;9;2;80
Q22;2021;760000620;CENTRE SSR PA CH DARNETAL;760782227;1;1;;;;1;2;;5
Q22;2021;760023671;USLD ARCADIE BOUCICAUT CHU ROUEN;760780239;;;;;;;2;1;2
Q22;2021;760780692;CMPR LES HERBIERS BOIS GUILLAUME;760025734;7;;;;;;;;7
Q22;2021;760781070;CENTRE PIERRE JANET CH LE HAVRE;760780726;7;0;0;0;0;0;5;3;12
Q22;2021;760783522;HOPITAL DE BOIS-GUILLAUME CHU ROUEN;760780239;13;;;9;;2;1;1;25
Q22;2021;760783530;HOPITAL DE OISSEL CHU ROUEN;760780239;;;;2;;;2;;4
Q22;2021;760805770;HOPITAL JACQUES MONOD CH LE HAVRE;760780726;45;3;0;19;9;16;36;12;128
Q22;2021;770000131;CH DE COULOMMIERS;770021145;2;;;10;;;10;10;22
Q22;2021;770000149;CH SUD SEINE ET MARNE FONTAINEBLEAU;770021152;10;;;1;9;;10;;30
Q22;2021;770000156;CH DE MELUN SITE SANTEPOLE;770110054;17;1;0;29;13;3;46;38;109
Q22;2021;770000164;CH SUD SEINE ET MARNE SITE MONTEREAU;770021152;5;;;5;;;0;;10
Q22;2021;770000172;CH DE PROVINS LEON BINET;770110070;6;;;;7;;4;;17
Q22;2021;770000180;CH DE BRIE COMTE ROBERT;770110054;;;;;;;;1;
Q22;2021;770000214;CH SUD SEINE ET MARNE SITE DE NEMOURS;770021152;;;;2;;;;;2
Q22;2021;770000446;CH DE MEAUX SITE SAINT FARON;770021145;16;;;7;1;;53;33;77
Q22;2021;770019032;GHEF MARNE LA VALLEE SITE JOSSIGNY;770021145;30;;;20;1;;37;25;88
Q22;2021;770300192;CLINIQUE SAINT BRICE;770000313;2;1;;;;;;;3
Q22;2021;780000287;CH FRANCOIS QUESNAY MANTES;780110011;5;;;16;1;;39;35;61
Q22;2021;780000295;CHI DE MEULAN LES MUREAUX;780002697;14;;;7;;;;;21
Q22;2021;780000303;CENTRE HOSPITALIER DE PLAISIR;780024113;0;0;0;1;0;0;0;0;1
Q22;2021;780000311;CHI POISSY ST GERMAIN SITE DE POISSY;780001236;37;3;;19;;5;57;41;121
Q22;2021;780000329;CH DE RAMBOUILLET;780110052;;0;0;15;;1;12;4;28
Q22;2021;780000337;CHI POISSY ST GERMAIN SITE ST GERMAIN;780001236;2;;;1;;1;;;4
Q22;2021;780000402;CHS JEAN MARTIN CHARCOT;780024113;1;0;0;6;0;1;3;0;11
Q22;2021;780000410;CHS THEOPHILE ROUSSEL;780140059;3;;;;;;;;3
Q22;2021;780140018;INSTITUT MARCEL RIVIERE;750005068;4;;;0;;;;;4
Q22;2021;780150066;HOPITAL LA PORTE VERTE;780808614;2;;;;;;;;2
Q22;2021;780300109;CLINIQUE VAL DE SEINE A LOUVECIENNE;780000519;;1;;5;;;;;6
Q22;2021;780800256;CH DE VERSAILLES SITE ANDRE MIGNOT;780110078;84;5;0;23;9;13;18;11;152
Q22;2021;790000087;CENTRE HOSPITALIER DE NIORT;790000012;40;2;;29;1;5;9;5;86
Q22;2021;790000111;CH HAUT VAL SEVRE & MELLOIS - ST MAIX.;790019491;;;;1;;;;;1
Q22;2021;790019848;SITE HOSPITALIER FAYE L'ABBESSE;790006654;;;;;;;13;;13
Q22;2021;800000143;CH ABBEVILLE;800000028;17;;;11;;7;14;;49
Q22;2021;800000184;CH ALBERT;800000036;;;;1;;;;;1
Q22;2021;800000192;CHU AMIENS NORD;800000044;40;;;10;;11;1;;62
Q22;2021;800000200;CH CORBIE;800000051;6;;;;;1;;;7
Q22;2021;800000226;CH DOULLENS;800000069;;;;10;;;2;;12
Q22;2021;800000275;CH HAM;800000077;;;;2;;;;;2
Q22;2021;800000390;CH CHIMR MONTDIDIER;800000085;;;;7;;;4;;11
Q22;2021;800000432;CH PÉRONNE;800000093;;;;5;;;;;5
Q22;2021;800000457;ET PUBLIC DE SANTÉ MENTALE DE LA SOMME;800000119;10;;;;;1;2;;13
Q22;2021;800006124;CHU AMIENS SUD;800000044;278;44;;19;;49;8;;398
Q22;2021;800016768;HAD PAUCHET MONTDIDIER;800003071;;;;1;;;;;1
Q22;2021;800016776;HAD CHIMR MONTDIDIER;800000085;;;;1;;;;;1
Q22;2021;810000505;CH ALBI;810000331;15;;;10;;1;4;;30
Q22;2021;810000521;CHIC CASTRES MAZAMET SITE AUTAN;810000380;12;;;12;2;5;8;3;39
Q22;2021;810000562;CH LAVAUR;810000455;1;;;;2;;;;3
Q22;2021;810100008;FONDATION BON SAUVEUR D'ALBY;810100008;1;;;;;1;;;2
Q22;2021;820000032;CH MONTAUBAN;820000016;28;2;;;11;7;2;;50
Q22;2021;820000065;CL DU DR HONORE CAVE;820000156;;;;;;;1;;1
Q22;2021;820004067;PSYCHIATRIE III CAPOU CH MONTAUBAN;820000016;2;;;;;;;;2
Q22;2021;830000279;CH JEAN MARCEL DE BRIGNOLES;830100517;;;;5;;;;;5
Q22;2021;830000287;CH LA DRACENIE DE DRAGUIGNAN;830100525;;;;12;;;;;12
Q22;2021;830000295;CH DE HYERES MARIE JOSEE TREFFOT;830100533;1;;;11;5;;1;1;18
Q22;2021;830000311;CHI DE FREJUS SAINT RAPHAEL;830100566;5;;;16;1;;16;;38
Q22;2021;830000337;CENTRE HOSPITALIER DE SAINT TROPEZ;830100590;;;;3;;;;;3
Q22;2021;830000345;CHITS CH SAINTE MUSSE;830100616;42;3;0;24;10;9;13;7;101
Q22;2021;830000600;CHS PIERREFEU DU VAR HENRI GUERIN;830101200;;;;1;;;1;;2
Q22;2021;830100012;APHP HOPITAL SAN SALVADOUR;750712184;1;0;0;0;0;0;0;0;1
Q22;2021;830100251;CLINIQUE DU CAP D'OR;830000063;;1;;;;;;;1
Q22;2021;830100558;HOPITAL RENEE SABRAN HYERES;690781810;;;;;;1;2;2;3
Q22;2021;830100574;HIA SAINTE ANNE;750821092;67;3;;33;2;;;;105
Q22;2021;830100582;CENTRE DE RADIOTHERAPIE SAINT LOUIS;750721334;1;;;;;;;;1
Q22;2021;840000350;INSTITUT SAINTE CATHERINE;840000657;1;2;;;;;1;;4
Q22;2021;840000392;CENTRE HOSPITALIER DE CARPENTRAS;840000046;1;;;1;;;3;;5
Q22;2021;840000418;CHI DE CAVAILLON LAURIS;840004659;1;;;1;;;2;1;4
Q22;2021;840000483;CH LOUIS GIORGI D'ORANGE;840000087;;;;3;;;3;2;6
Q22;2021;840000491;CHI SITE DE PERTUIS;130041916;;1;;2;;;;;3
Q22;2021;840000525;CH VAISON LA ROMAINE;840000111;1;;;;;0;0;0;1
Q22;2021;840000541;CHS DE MONTFAVET;840000137;3;1;;3;;1;;;8
Q22;2021;840001861;CH D'AVIGNON HENRI DUFFAUT;840006597;18;0;0;38;0;10;57;;123
Q22;2021;840014088;KORIAN LES CYPRES;750056335;;;;;;;2;;2
Q22;2021;850000118;CLINIQUE SAINT CHARLES;850013244;;;;;1;;;;1
Q22;2021;850000142;CHD SITE LA ROCHE SUR YON;850000019;111;;;4;;18;8;;141
Q22;2021;850000209;CHD-SITE DE LUCON;850000019;5;;;;;;;;5
Q22;2021;850000225;CHD - SITE DE MONTAIGU;850000019;;;;6;;;;;6
Q22;2021;850000241;CENTRE HOSPITALIER COTE DE LUMIÈRE;850000084;0;0;0;20;0;0;0;1;20
Q22;2021;850000258;CENTRE HOSPITALIER G. MAZURELLE;850000092;3;;;0;;1;3;;7
Q22;2021;850006008;HAD DE VENDEE;850005968;;;;1;;;;;1
Q22;2021;850009630;CH FONTENAY SITE POLE SANTE SUD VENDEE;850000035;0;0;0;9;;0;0;;9
Q22;2021;860000017;CH HENRI LABORIT;860780048;29;;;;;10;;;39
Q22;2021;860000025;CHU DE POITIERS - SITE CHATELLERAULT;860014208;2;;;12;;;;;14
Q22;2021;860000058;CHU DE POITIERS - SITE DE MONTMORILLON;860014208;;;;1;;;1;;2
Q22;2021;860000223;CHU LA MILETRIE;860014208;268;31;;41;28;56;4;1;428
Q22;2021;870000064;C H U DUPUYTREN LIMOGES;870000015;220;47;1;10;10;52;16;14;356
Q22;2021;870000098;CENTRE HOSPITALIER SAINT JUNIEN;870000023;3;;;3;4;1;1;;12
Q22;2021;870000270;CTRE HOSPITALIER J BOUTARD ST YRIEIX;870000031;1;;;5;;;3;;9
Q22;2021;870000288;CLINIQUE FRANCOIS CHENIEUX;870017415;2;;;;;;;;2
Q22;2021;870000551;HOPITAL INTERCOMMUNAL DU HAUT LIMOUSIN;870014503;;;;1;;;;;1
Q22;2021;870000601;HOPITAL DR RENE BARRIERE ST LEONARD;870014248;0;0;0;3;;0;0;;3
Q22;2021;870001567;HOPITAL INTERCOMMUNAL DU HAUT LIMOUSIN;870014503;;;;2;;;;;2
Q22;2021;870003514;HOPITAL JEAN REBEYROL LIMOGES;870000015;5;0;0;0;0;1;0;0;6
Q22;2021;870006137;CENTRE HOSPITALIER ESQUIROL;870002466;21;2;;;;5;1;;29
Q22;2021;870014859;HOPITAL DE LA MERE ET DE L'ENFANT;870000015;19;3;0;13;1;5;3;2;44
Q22;2021;880000021;CHI E.DURKHEIM - PLATEAU DE LA JUSTICE;880007059;22;3;6;19;8;13;9;;80
Q22;2021;880000039;CH DE GERARDMER CLAUDIUS REGAUD;880780069;;;;1;;;;;1
Q22;2021;880000047;CENTRE HOSPITALIER DE SAINT-DIE;880780077;3;1;;13;;3;9;;29
Q22;2021;880000054;CHI L'OUEST VOSGIEN SITE NEUFCHATEAU;880007299;;;;7;;0;2;1;9
Q22;2021;880000062;CENTRE HOSPITALIER DE REMIREMONT;880780093;2;1;;18;;;3;;24
Q22;2021;880000088;CENTRE HOSPITALIER DE RAVENEL;880780119;5;;;;;1;;;6
Q22;2021;890008956;INSTITUT DE CANCEROLOGIE DE BOURGOGNE;210013645;1;;;;;;;;1
Q22;2021;890973258;MOYEN SEJOUR CH SENS;890970569;;;;;;;1;1;1
Q22;2021;890975519;CTRE HOSPITALIER SPECIALISE AUXERRE;890000052;;;;0;;2;3;3;5
Q22;2021;890975527;CH AUXERRE;890000037;14;;;5;6;3;46;44;74
Q22;2021;890975535;CH AVALLON;890000409;;;;2;;;1;1;3
Q22;2021;890975543;CH JOIGNY;890000417;1;;;1;1;;5;;8
Q22;2021;890975550;CH SENS;890970569;6;;;1;1;;59;29;67
Q22;2021;900002429;CHS ST REMY ET NFC CENTRE PIERRE ENGEL;700004096;6;;;;;;2;;8
Q22;2021;900003039;HNFC SITE TREVENANS;900000365;30;3;0;31;8;12;39;19;123
Q22;2021;900003070;SSR SITE PIERRE ENGEL HNFC BAVILLIERS;900000365;;;;;;;1;1;1
Q22;2021;910000272;CH D ARPAJON;910110014;0;0;0;2;0;0;8;0;10
Q22;2021;910000280;CH DOURDAN ETAMPES SITE DOURDAN;910019447;;;;3;;;2;1;5
Q22;2021;910000298;CH DES DEUX VALLEES SITE LONGJUMEAU;910110055;22;;;2;8;;35;10;67
Q22;2021;910000306;CH D ORSAY;910110055;8;;;0;5;;20;6;33
Q22;2021;910000314;CH SUD FRANCILIEN;910002773;;;;;6;4;;;10
Q22;2021;910000330;CHS BARTHELEMY DURAND;910140029;17;;;2;;;3;13;22
Q22;2021;910001973;CH DOURDAN ETAMPES SITE ETAMPES;910019447;;;;16;;;4;17;20
Q22;2021;910018423;CH DES DEUX VALLEES SITE JUVISY;910110055;;;;;7;;0;;7
Q22;2021;910020254;CH SUD FRANCILIEN SITE JEAN JAURES;910002773;83;2;;;7;7;87;57;186
Q22;2021;910110071;CH D ORSAY DOMAINE DU GRAND MESNIL;910110055;3;;;;;;3;3;6
Q22;2021;910140037;HOPITAL PSYCHIATRIQUE L'EAU VIVE;750720914;2;;;;;;2;;4
Q22;2021;910150028;CENTRE HOSPITALIER DE BLIGNY;750811184;;;;;;;3;;3
Q22;2021;910300011;HOP DE PARIS ESSONNE LES CHARMILLES;910025139;;;1;;;;;;1
Q22;2021;910300219;HOPITAL PRIVE JACQUES CARTIER;910003888;6;;;;;1;;;7
Q22;2021;910310028;CLINIQUE DU CHATEAU DE VILLEBOUZIN;920030269;1;;;;;;;;1
Q22;2021;910803543;HOPITAL PRIVE CLAUDE GALIEN;910017615;3;;;;;;;;3
Q22;2021;920000460;CLCC RENE HUGUENIN INSTITUT CURIE;750813321;;3;;75;;;2;;80
Q22;2021;920000569;CH RIVES DE SEINE SITE COURBEVOIE;920026374;1;;;;;;4;;5
Q22;2021;920000577;CH DE NANTERRE;920110020;2;0;1;14;2;;7;;26
Q22;2021;920000585;CH RIVES DE SEINE SITE NEUILLY S/SEINE;920026374;10;;;19;;;5;;34
Q22;2021;920000619;CH DES QUATRE VILLES SITE ST CLOUD;920009909;15;;;;;;2;2;17
Q22;2021;920000635;HOPITAL SUISSE DE PARIS;920150026;;;;6;;;;;6
Q22;2021;920000643;INSTITUT FRANCO BRITANNIQUE KLEBER;750720468;3;0;0;13;0;0;5;0;21
Q22;2021;920000650;HOPITAL FOCH;920150059;71;11;0;0;0;0;16;0;98
Q22;2021;920000684;HOPITAL MARIE LANNELONGUE;750150120;28;2;;;;1;13;5;44
Q22;2021;920002177;CHS PUBLIC DE SANTE ERASME;920804465;11;;;;;1;1;;13
Q22;2021;920007408;CHS ROGER PREVOT DE NANTERRE;950140012;;;;3;;;;;3
Q22;2021;920016698;CMPR DU SUD PARISIEN CHATILLON;930019484;1;;;;;;;;1
Q22;2021;920024718;CTRE DE CANCEROLOGIE DE CHARLEBOURG;920029642;3;;;;;;;;3
Q22;2021;920027711;CHS PAUL GUIRAUD SITE CLAMART;940140049;5;;;1;;;2;;8
Q22;2021;920100013;HU OUEST SITE AMBROISE PARE APHP;750712184;92;8;0;0;7;9;14;1;130
Q22;2021;920100021;HU PARIS SUD SITE ANTOINE BECLERE APHP;750712184;63;5;0;0;12;8;23;0;111
Q22;2021;920100039;HU PARIS NORD SITE BEAUJON APHP;750712184;68;8;2;0;12;10;24;2;124
Q22;2021;920100047;HU PARIS NORD SITE LOUIS MOURIER APHP;750712184;74;1;2;0;9;8;21;1;115
Q22;2021;920100054;HU PARIS SITE RAYMOND POINCARE APHP;750712184;29;0;0;0;4;3;7;3;43
Q22;2021;920100062;HU PARIS OUEST SITE CELTON APHP;750712184;17;0;0;0;0;5;4;0;26
Q22;2021;920120011;HIA PERCY;750821092;32;;;;15;;;;47
Q22;2021;920140019;CTRE DE SANTE MENTALE DE RUEIL MGEN;750005068;1;;;;;;;;1
Q22;2021;920140027;CLINIQUE FSEF SCEAUX;750720575;;;;4;;;1;;5
Q22;2021;920300043;HOPITAL PRIVE D ANTONY;920001526;8;1;0;3;0;0;0;0;12
Q22;2021;920300191;CLINIQUE MARCEL SEMBAT CCBB;920000767;;;;;;;2;;2
Q22;2021;920300365;CLINIQUE LA MONTAGNE;920815388;2;;;;;;;;2
Q22;2021;920300753;CLINIQUE CHIRURGICAL AMBROISE PARE;920810736;;;;;;;4;;4
Q22;2021;920300787;HOPITAL AMERICAIN;920000981;;;;11;;;;;11
Q22;2021;920300936;CLINIQUE CHIRURGICALE DU VAL D OR;920006848;2;;;;;;;;2
Q22;2021;920811635;CAS POUR ADOLESCENTS DE SURESNES;780140059;1;;;;;1;;;2
Q22;2021;930000286;GHI LE RAINCY MONTFERMEIL;930021480;42;;;1;;3;45;;91
Q22;2021;930000294;CTRE D MOYEN ET LONG SEJOUR LES ORMES;930021480;;;;;;;1;;1
Q22;2021;930000302;CHI ANDRE GREGOIRE;930110036;38;1;;30;;6;30;;105
Q22;2021;930000328;CH GENERAL DELAFONTAINE;930110051;94;7;0;48;4;7;44;31;204
Q22;2021;930000336;CHI ROBERT BALLANGER;930110069;37;6;;29;8;4;19;;103
Q22;2021;930000344;CHS DE VILLE EVRARD;930140025;19;0;0;6;0;0;25;0;50
Q22;2021;930001433;CMP DE SAINT DENIS;930110051;1;;;3;;;;;4
Q22;2021;930015458;INSTITUT DE RADIOTHERAPIE;930003975;1;;;;;;;;1
Q22;2021;930100011;HU PARIS SSTDENIS SITE MURET APHP;750712184;0;0;0;0;0;0;2;1;2
Q22;2021;930100037;HU PARIS SITE AVICENNE APHP;750712184;72;5;0;0;15;11;32;0;135
Q22;2021;930100045;HU PARIS SITE JEAN VERDIER APHP;750712184;43;1;0;0;7;3;10;0;64
Q22;2021;930300645;CENTRE CARDIOLOGIQUE DU NORD;930000682;2;;;;;;;1;2
Q22;2021;930706239;CH SAINT DENIS HOPITAL CASANOVA;930110051;;;;4;;;;;4
Q22;2021;940000573;CHI DE CRETEIL;940110018;59;4;0;23;7;7;31;16;131
Q22;2021;940000599;CHI LUCIE ET RAYMOND AUBRAC;940110042;19;0;1;26;3;2;63;36;114
Q22;2021;940000607;CHS FONDATION VALLEE;940140015;5;0;0;0;0;0;0;0;5
Q22;2021;940000615;CHS LES MURETS;940140023;5;;;;;1;1;;7
Q22;2021;940000631;CH PAUL GUIRAUD;940140049;13;2;;6;;;2;;23
Q22;2021;940000649;HOPITAL SAINT CAMILLE;940150014;27;;;;8;;14;;49
Q22;2021;940000656;CLCC HOPITAL GUSTAVE ROUSSY;940160013;;;;1;;;;;1
Q22;2021;940000664;INSTITUT GUSTAVE ROUSSY;940160013;57;6;1;0;;12;39;;115
Q22;2021;940006679;HOPITAL PRIVE DE MARNE LA VALLEE;940017338;1;;;;;;;;1
Q22;2021;940016868;LES HOPITAUX DE SAINT MAURICE;940016819;20;;;;;2;3;;25
Q22;2021;940021157;ETB SANTE MENTALE ATRT IVRY - MGEN;750005068;1;;;;;;;;1
Q22;2021;940100027;HU HENRI MONDOR SITE HENRI MONDOR APHP;750712184;142;16;7;0;19;27;76;4;287
Q22;2021;940100035;HU PITIE SALPETRIERE- CHARLE FOIX APHP;750712184;18;0;3;0;0;4;1;0;26
Q22;2021;940100043;HU PARIS SUD SITE KREMLIN BICETRE APHP;750712184;165;12;0;0;15;19;57;5;268
Q22;2021;940100050;HU HENRI MONDOR SITE E ROUX APHP;750712184;6;0;0;0;0;0;1;0;7
Q22;2021;940100068;HU PARIS SUD SITE PAUL BROUSSE APHP;750712184;28;1;0;0;0;2;13;1;44
Q22;2021;940120017;HIA BEGIN;750821092;11;1;0;13;0;0;0;0;25
Q22;2021;940300270;HOPITAL PRIVE ARMAND BRILLARD;940000771;2;;;;;;;;2
Q22;2021;940300577;CLINIQUE KORIAN JONCS MARINS;310021266;;;;1;;;;;1
Q22;2021;940700032;INSTITUT ROBERT MERLE D AUBIGNE;940001027;1;;;;;1;;;2
Q22;2021;940700040;CENTRE DE READAPTATION FONCTIONNELLE;570010181;1;;;;;;;;1
Q22;2021;940806490;ETABLISEMENT PUBLIC DE SANTE FRESNES;750810798;2;0;0;0;0;0;1;0;3
Q22;2021;950000307;CH VICTOR DUPOUY;950110015;37;5;;30;;4;39;16;115
Q22;2021;950000315;GH CARNELLE PORTES OISE SITE BEAUMONT;950001370;;;;11;;1;6;4;18
Q22;2021;950000323;GHEM SIMONE VEIL SITE EAUBONNE;950013870;16;;;26;;2;57;;101
Q22;2021;950000331;CH GENERAL DE GONESSE;950110049;35;;;15;;;16;32;66
Q22;2021;950000349;GHI DU VEXIN SITE MAGNY;950015289;;;;2;;;;;2
Q22;2021;950000364;CH RENE DUBOS;950110080;30;0;0;13;7;6;55;42;111
Q22;2021;950000398;CHS ROGER PREVOT DE MOISSELLES;950140012;;;;1;;;;;1
Q22;2021;950150052;CLINIQUE FSEF BOUFFEMONT;750720575;1;;;;;;;;1
Q22;2021;950806166;CTRE THERAP X PARIS NORD;950001453;;;;;;;1;;1
Q22;2021;970100020;CENTRE MEDICO SOCIAL;970100152;;;;1;;;;;1
Q22;2021;970100392;CENTRE HOSPITALIER DE LA BASSE -TERRE;970100178;6;;;13;;1;23;;43
Q22;2021;970100400;C.H. LOUIS CONSTANT FLEMING;970100186;0;0;0;6;0;0;0;0;6
Q22;2021;970100442;C.H.U. DE POINTE-A-PITRE/ABYMES;970100228;175;;;;;33;10;;218
Q22;2021;970100475;EPSM DE LA GUADELOUPE;970100277;6;;;;;3;3;;12
Q22;2021;970103016;DOMAINE DE CHOISY;970100517;;;;;;1;;;1
Q22;2021;970200069;CENTRE HOSPITALIER MAURICE DESPINOY;970202180;6;;;1;;2;;;9
Q22;2021;970211215;CHU DE MARTINIQUE SITE P.ZOBDA QUITMAN;970211207;228;;;0;;17;25;;270
Q22;2021;970211223;CHU DE MARTINIQUE SITE DE TRINITE;970211207;12;;;0;;;1;;13
Q22;2021;970211231;CHU DE MARTINIQUE SITE MANGOT VULCIN;970211207;9;;;;;1;4;;14
Q22;2021;970211249;CHU DE MARTINIQUE SITE DE CLARAC;970211207;2;;;;;1;4;;7
Q22;2021;970211256;CHU DE MARTINIQUE SITE MERE ENFANT;970211207;36;;;0;;2;10;;48
Q22;2021;970300026;CENTRE HOSPITALIER DE CAYENNE;970302022;55;0;0;37;0;5;16;0;113
Q22;2021;970300083;CENTRE HOSPITALIER -FRANCK-JOLY-;970302121;0;0;0;14;3;0;0;0;17
Q22;2021;970305637;CENTRE HOSPITALIER INTERCOM DE KOUROU;970305629;;;;;;;3;;3
Q22;2021;970400016;EPSMR-GRAND POURPIER (ST PAUL);970411005;9;;;1;;2;;;12
Q22;2021;970400024;CHU SITE FELIX GUYON (SAINT DENIS);970408589;112;0;0;57;4;10;3;0;186
Q22;2021;970400057;CHU SITE SUD (SAINT PIERRE);970408589;191;0;0;130;0;17;2;0;340
Q22;2021;970400065;CH OUEST REUNION;970421038;18;;;39;;7;;;64
Q22;2021;970400073;GHER (SAINT-BENOIT);970403606;1;0;0;26;1;1;0;0;29
Q22;2021;970400081;CHU SITE SUD (SAINT LOUIS);970408589;1;0;0;3;0;0;0;0;4
Q22;2021;970400180;CHU SITE SUD (SAINT JOSEPH);970408589;6;0;0;5;0;0;0;0;11
Q22;2021;970423000;HOPITAL D'ENFANTS;970430906;;;;4;;;9;;13
Q22;2021;970463139;CHU SITE SUD - SSR (TAMPON);970408589;2;0;0;0;0;0;0;0;2
Q22;2021;970467155;CLINIQUE LES FLAMBOYANTS OUEST;970467148;;;;;;1;;;1
Q22;2021;980500011;CHM;980500003;18;;;11;12;;15;;56
