BOR;AN;FI;RS;FI_EJ;AUTSU;AUTGEN;AUTSAIS;AUTPED;EMG
URGENCES;2021;010000024;CH DE FLEYRIAT;010780054;1;1;0;0;1
URGENCES;2021;010000032;CH BUGEY SUD;010780062;1;1;0;0;0
URGENCES;2021;010005239;CH DU HAUT BUGEY - GEOVREISSET;010008407;1;1;0;0;
URGENCES;2021;010780195;CLINIQUE CONVERT;010000156;1;1;0;0;
URGENCES;2021;010780203;HOPITAL PRIVE D'AMBERIEU;010010718;1;1;0;0;
URGENCES;2021;020000162;CH SAINT-QUENTIN;020000063;1;1;0;1;1
URGENCES;2021;020000394;CH LAON;020000253;1;1;0;1;1
URGENCES;2021;020000519;CH SOISSONS;020000261;1;1;0;1;0
URGENCES;2021;020000535;CH CHAUNY;020000287;1;1;0;0;
URGENCES;2021;020001061;CH CHÂTEAU-THIERRY;020004404;1;1;0;0;0
URGENCES;2021;020001087;CH HIRSON;020004495;1;1;0;0;
URGENCES;2021;020010047;HOPITAL PRIVE SAINT CLAUDE;020001632;1;1;0;0;0
URGENCES;2021;030000061;CH DE MOULINS;030780092;1;1;0;0;1
URGENCES;2021;030000079;CH DE MONTLUCON;030780100;1;1;0;0;1
URGENCES;2021;030000087;CH JACQUES LACARIN VICHY;030780118;1;1;0;0;1
URGENCES;2021;030781116;HOPITAL PRIVE SAINT-FRANCOIS;030000426;1;1;0;0;0
URGENCES;2021;040000093;CHI DE MANOSQUE LOUIS RAFFALLI;040780215;1;1;0;0;0
URGENCES;2021;040000135;CHI DES ALPES DU SUD SITE DE SISTERON;050002948;1;1;0;0;1
URGENCES;2021;040000911;CENTRE HOSPITALIER DE DIGNE LES BAINS;040788879;1;1;0;0;1
URGENCES;2021;050000231;CH DES ESCARTONS DE BRIANCON;050000116;1;1;0;0;
URGENCES;2021;050000256;CENTRE HOSPITALIER D'EMBRUN;050000124;1;1;0;0;
URGENCES;2021;050000348;CHI DES ALPES DU SUD SITE DE GAP;050002948;1;1;0;0;1
URGENCES;2021;060000478;CENTRE HOSPITALIER DE GRASSE;060780897;1;1;0;0;
URGENCES;2021;060000510;CH D'ANTIBES JUAN LES PINS;060780954;1;1;0;0;
URGENCES;2021;060000544;CH DE CANNES SIMONE VEIL;060780988;1;1;0;0;1
URGENCES;2021;060002102;CH LA PALMOSA DE MENTON;060791761;1;1;0;0;1
URGENCES;2021;060780491;INSTITUT ARNAULT TZANCK;060790797;1;1;0;0;0
URGENCES;2021;060780517;POLYCLINIQUE SAINT JEAN;060000239;1;1;0;0;1
URGENCES;2021;060780715;CLINIQUE SAINT GEORGE;060000361;1;1;0;0;0
URGENCES;2021;060780723;CLINIQUE DU PARC IMPERIAL;060004959;1;1;0;0;
URGENCES;2021;060780947;HOP PEDIATRIQUES DE NICE CHU LENVAL;060800174;1;0;0;1;
URGENCES;2021;060785003;CHU DE NICE HOPITAL PASTEUR;060785011;1;1;0;0;1
URGENCES;2021;070000013;CH DE PRIVAS ARDECHE;070002878;1;1;0;0;1
URGENCES;2021;070000179;CH ARDECHE NORD;070780358;1;1;0;0;1
URGENCES;2021;070000609;CH D'AUBENAS;070005566;1;1;0;0;1
URGENCES;2021;070780424;CLINIQUE PASTEUR;070000245;1;1;0;0;0
URGENCES;2021;080000110;CENTRE HOSPITALIER DE SEDAN;080011174;1;1;0;0;0
URGENCES;2021;080000219;CENTRE HOSPITALIER DE RETHEL;080001969;1;1;0;0;0
URGENCES;2021;080000276;CENTRE HOSPITALIER DE VOUZIERS;080001969;1;1;0;0;0
URGENCES;2021;080000425;CH CHARLEVILLE - HOPITAL MANCHESTER;080011174;1;1;0;0;1
URGENCES;2021;090000175;CHIVAL SITE ST JEAN DE VERGES;090781774;1;1;0;0;1
URGENCES;2021;090000183;CH ARIEGE COUSERANS SITE ST LIZIER;090781816;1;1;0;0;1
URGENCES;2021;090001629;CHIVAL SITE LAVELANET;090781774;1;1;0;0;0
URGENCES;2021;100000090;CENTRE HOSPITALIER DE TROYES;100000017;1;1;0;0;0
URGENCES;2021;100000199;CENTRE HOSPITALIER DE ROMILLY/SEINE;100006279;1;1;0;0;0
URGENCES;2021;110000023;CH CARCASSONNE;110780061;1;1;0;0;1
URGENCES;2021;110000049;CH JEAN PIERRE CASSABEL;110780087;1;1;0;0;
URGENCES;2021;110000056;CH NARBONNE HOTEL DIEU;110780137;1;1;0;0;1
URGENCES;2021;110780228;HOPITAL PRIVE DU GRAND NARBONNE;110000114;1;1;0;0;0
URGENCES;2021;110780483;POLYCL MONTREAL;110000155;1;1;0;0;0
URGENCES;2021;120000039;CH DE RODEZ HOPITAL JACQUES PUEL;120780044;1;1;0;0;
URGENCES;2021;120000054;CH VILLEFRANCHE SITE CHARTREUSE;120780069;1;1;0;0;1
URGENCES;2021;120000070;CH PIERRE DELPECH DECAZEVILLE;120780085;1;1;0;0;0
URGENCES;2021;120004569;CH MILLAU;120004528;1;1;0;0;0
URGENCES;2021;120004668;CH EMILE BOREL ST AFFRIQUE;120004619;1;1;0;0;0
URGENCES;2021;130000409;CHI SITE D'AIX EN PROVENCE;130041916;1;1;0;0;1
URGENCES;2021;130000565;CENTRE HOSPITALIER GENERAL D'AUBAGNE;130781446;1;1;0;0;1
URGENCES;2021;130001225;HOPITAL DU PAYS SALONAIS;130782634;1;1;0;0;1
URGENCES;2021;130002215;CENTRE HOSPITALIER GENERAL LA CIOTAT;130785512;1;1;0;0;0
URGENCES;2021;130002827;CH JOSEPH IMBERT D'ARLES;130789274;1;1;0;0;1
URGENCES;2021;130002835;CH DE MARTIGUES HOPITAL DES RAYETTES;130789316;1;1;0;0;1
URGENCES;2021;130043664;HOPITAL EUROPEEN;130002157;1;1;0;0;
URGENCES;2021;130780521;APHM HOPITAL NORD;130786049;1;1;0;0;
URGENCES;2021;130781479;HOPITAL PRIVE LA CASAMANCE;130000599;1;1;0;0;0
URGENCES;2021;130782071;CLINIQUE DE L'ETANG DE L'OLIVIER;130002454;1;1;0;0;
URGENCES;2021;130782147;CLINIQUE GENERALE DE MARIGNANE;130000979;1;1;0;0;
URGENCES;2021;130783293;APHM HOPITAL LA TIMONE;130786049;1;1;0;0;1
URGENCES;2021;130784713;HOPITAL PRIVE BEAUREGARD VERT COTEAU;130038847;1;1;0;0;0
URGENCES;2021;130785652;HOPITAL SAINT JOSEPH;130014228;1;1;0;0;
URGENCES;2021;130786361;POLYCLIN PARC RAMBOT HOP PRIV PROVENCE;130002447;1;1;0;0;0
URGENCES;2021;130786742;HIA LAVERAN;750821092;1;1;0;0;1
URGENCES;2021;130804297;APHM HOPITAL LA TIMONE ENFANTS;130786049;1;0;0;1;0
URGENCES;2021;140000027;CENTRE HOSPITALIER DE LISIEUX;140000035;1;1;0;0;
URGENCES;2021;140000209;CHU COTE DE NACRE - CAEN;140000100;1;1;0;1;1
URGENCES;2021;140000233;CENTRE HOSPITALIER DE FALAISE;140000118;1;1;0;0;0
URGENCES;2021;140000373;CENTRE HOSPITALIER DE VIRE;140000159;1;1;0;0;0
URGENCES;2021;140016759;POLYCLINIQUE DU PARC - CAEN;140003146;1;1;0;0;0
URGENCES;2021;140017237;HOPITAL PRIVE ST MARTIN-CAEN;140003278;1;1;0;0;0
URGENCES;2021;140024886;CENTRE HOSPITALIER - AUNAY-BAYEUX;140000092;1;1;0;0;
URGENCES;2021;140026410;CH COTE FLEURIE - SITE DE CRICQUEBOEUF;140026279;1;1;0;0;0
URGENCES;2021;150000032;CH DE SAINT-FLOUR;150780088;1;1;0;0;0
URGENCES;2021;150000040;CH HENRI MONDOR;150780096;1;1;0;0;0
URGENCES;2021;150000164;CH DE MAURIAC;150780468;1;1;0;0;0
URGENCES;2021;160000253;CENTRE HOSPITALIER D'ANGOULEME;160000451;1;1;0;0;1
URGENCES;2021;160000303;CH HOPITAUX SUD-CHARENTE;160006037;1;1;0;0;1
URGENCES;2021;160000311;CENTRE HOSPITALIER CONFOLENS;160000485;1;1;0;0;1
URGENCES;2021;160000337;CENTRE HOSPITALIER DE RUFFEC;160000493;1;1;0;0;0
URGENCES;2021;160015368;HOPITAUX DU GRAND COGNAC;160014411;1;1;0;0;1
URGENCES;2021;170000038;CENTRE HOSPITALIER JONZAC;170780050;1;1;0;0;0
URGENCES;2021;170000087;HOPITAL SAINT-LOUIS - LA ROCHELLE;170024194;1;1;0;0;
URGENCES;2021;170000095;CENTRE HOSPITALIER ST-JEAN D'ANGELY;170780167;1;1;0;0;
URGENCES;2021;170000103;CTRE HOSP. DE SAINTONGE - SAINTES;170780175;1;1;0;0;
URGENCES;2021;170000152;CENTRE HOSPITALIER ROCHEFORT;170780225;1;1;0;0;1
URGENCES;2021;170022065;GCS URGENCES PAYS ROYANNAIS - ROYAN;170022057;1;1;0;0;
URGENCES;2021;170022818;GCS URGENCES PAYS ROYANNAIS -STGEORGES;170022057;1;1;0;0;0
URGENCES;2021;170022826;GCS URGENCES PAYS ROYANNAIS - PASTEUR;170022057;1;1;0;0;
URGENCES;2021;180000010;CH BOURGES - JACQUES COEUR;180000028;1;1;0;0;1
URGENCES;2021;180000200;CH DE VIERZON;180000051;1;1;0;0;
URGENCES;2021;180000283;CH SAINT AMAND-MONTROND;180000069;1;1;0;0;
URGENCES;2021;190000018;CENTRE HOSPITALIER DUBOIS BRIVE;190000042;1;1;0;0;1
URGENCES;2021;190000026;CENTRE HOSPITALIER COEUR DE CORREZE;190000059;1;1;0;0;0
URGENCES;2021;190000091;CENTRE HOSPITALIER D'USSEL;190000075;1;1;0;0;1
URGENCES;2021;210012670;HOPITAL PRIVE DIJON BOURGOGNE;210011367;1;1;0;0;0
URGENCES;2021;210987558;HOPITAL LE BOCAGE CHRU DIJON;210780581;1;1;0;1;0
URGENCES;2021;210987657;HOSPICES CIVILS DE BEAUNE;210012175;1;1;0;0;1
URGENCES;2021;210987665;CH HCO SITE DE CHATILLON SUR SEINE;210012142;1;1;0;0;0
URGENCES;2021;210987699;CENTRE HOSPITALIER ROBERT MORLEVAT;210780706;1;1;0;0;0
URGENCES;2021;220000012;CENTRE HOSPITALIER YVES LE FOLL;220000020;1;1;0;0;1
URGENCES;2021;220000095;CTRE HOSPITALIER DINAN;220000046;1;1;0;0;1
URGENCES;2021;220000343;CENTRE HOSPITALIER GUINGAMP;220000079;1;1;0;0;1
URGENCES;2021;220000368;CENTRE HOSPITALIER LANNION;220000103;1;1;0;0;1
URGENCES;2021;220000541;CENTRE HOSPITALIER PAIMPOL;220000152;1;1;0;0;1
URGENCES;2021;230000820;CENTRE HOSPITALIER GUERET;230780041;1;1;0;0;1
URGENCES;2021;230004657;SITE CROIX BLANCHE;230780058;1;1;0;0;0
URGENCES;2021;240000190;POLYCLINIQUE FRANCHEVILLE;240000596;1;1;0;0;0
URGENCES;2021;240000372;C.H DE BERGERAC;240000059;1;1;0;0;1
URGENCES;2021;240000489;CENTRE HOSPITALIER DE PERIGUEUX;240000117;1;1;0;0;1
URGENCES;2021;240000687;CENTRE HOSPITALIER SARLAT;240000448;1;1;0;0;0
URGENCES;2021;250000700;CHI HC SITE RIVES DU DOUBS PONTARLIER;250000452;1;1;0;0;0
URGENCES;2021;250006954;CHRU JEAN MINJOZ;250000015;1;1;0;1;
URGENCES;2021;260000013;CH DE VALENCE;260000021;1;1;0;0;1
URGENCES;2021;260000120;HOPITAUX DROME NORD - ROMANS-SUR-ISERE;260016910;1;1;0;0;
URGENCES;2021;260000138;CH PORTES PROVENCE MONTELIMAR;260000047;1;1;0;0;
URGENCES;2021;260000146;CH DE CREST;260000054;1;1;0;0;
URGENCES;2021;260000203;HOPITAUX DROME NORD - SAINT-VALLIER;260016910;1;1;0;0;
URGENCES;2021;260000286;CH DE DIE;260000104;1;1;0;0;0
URGENCES;2021;270000045;CH BERNAY;270000060;1;1;0;0;0
URGENCES;2021;270000326;HOPITAL PRIVE PASTEUR EVREUX;270000680;1;1;0;0;0
URGENCES;2021;270000359;CH EVREUX CH EURE-SEINE;270023724;1;1;0;0;1
URGENCES;2021;270000367;CH GISORS;270000086;1;1;0;0;0
URGENCES;2021;270000391;CH LOUVIERS CHI ELBEUF;760024042;1;1;0;0;
URGENCES;2021;270000425;CH PONT-AUDEMER;270000102;1;1;0;0;
URGENCES;2021;270000441;CH VERNEUIL-SUR-AVRE;270000110;1;1;0;0;
URGENCES;2021;270000458;CH VERNON CH EURE-SEINE;270023724;1;1;0;0;1
URGENCES;2021;280000084;CH DREUX;280000183;1;1;0;0;
URGENCES;2021;280000662;CH CHATEAUDUN;280500075;1;1;0;0;0
URGENCES;2021;280502998;CH NOGENT LE ROTROU - NOUVEL HÔPITAL;280000589;1;1;0;0;0
URGENCES;2021;280504267;CH CHARTRES LOUIS PASTEUR-LE COUDRAY;280000134;1;1;0;0;1
URGENCES;2021;280505777;HOPITAL PRIVE D'EURE ET LOIR;280001199;1;1;0;0;0
URGENCES;2021;290000025;CHIC QUIMPER;290020700;1;1;0;0;1
URGENCES;2021;290000033;C.H. DES PAYS DE MORLAIX;290021542;1;1;0;0;
URGENCES;2021;290000058;CHRU BREST SITE HOPITAL MORVAN;290000017;1;0;0;1;0
URGENCES;2021;290000066;CHIC SITE DE CONCARNEAU;290020700;1;1;0;0;0
URGENCES;2021;290000173;CH FERDINAND GRALL LANDERNEAU;290000041;1;1;0;0;0
URGENCES;2021;290000181;CENTRE HOSPITALIER DOUARNENEZ;290000074;1;1;0;0;0
URGENCES;2021;290000256;CHRU BREST SITE HOPITAL DE CARHAIX;290000017;1;1;0;0;1
URGENCES;2021;290000728;HOPITAL INSTRUCTION DES ARMEES;750821092;1;1;0;0;0
URGENCES;2021;290000785;ETABLISSEMENT DE SOINS HOTEL DIEU;220020739;1;1;0;0;
URGENCES;2021;290000934;GHBS - HOPITAL LA VILLENEUVE;560005746;1;1;0;0;1
URGENCES;2021;290004324;CHRU BREST SITE HOPITAL CAVALE BLANCHE;290000017;1;1;0;0;0
URGENCES;2021;290019777;POLYCLINIQUE DE KERAUDREN;290022508;1;1;0;0;
URGENCES;2021;2A0000022;CH ND LA MISERICORDE;2A0000014;1;1;0;0;1
URGENCES;2021;2A0000154;CLINIQUE DU SUD DE LA CORSE;2A0000204;1;1;0;0;0
URGENCES;2021;2B0000012;CENTRE HOSPITALIER DE BASTIA;2B0000020;1;1;0;0;1
URGENCES;2021;2B0005359;CH CALVI;2B0005342;1;1;0;0;
URGENCES;2021;300000023;CH ALES CEVENNES;300780046;1;1;0;0;1
URGENCES;2021;300000031;CH LOUIS PASTEUR;300780053;1;1;0;0;1
URGENCES;2021;300780137;NOUVELLE CL BONNEFON;920028396;1;1;0;0;0
URGENCES;2021;300782117;CHU NIMES CAREMEAU;300780038;1;1;0;1;1
URGENCES;2021;300788502;POLYCL GRAND SUD;300017985;1;1;0;0;0
URGENCES;2021;310000310;CH COMMINGES PYRENEES SITE ST PLANCARD;310780671;1;1;0;0;1
URGENCES;2021;310016977;HOPITAUX MERE & ENFANTS SITE VIGUIER;310781406;1;0;0;1;
URGENCES;2021;310026927;CL CAPIO LA CROIX DU SUD;310026794;1;1;0;0;1
URGENCES;2021;310780283;CL DE L'UNION;310000112;1;1;0;0;1
URGENCES;2021;310780382;CL AMBROISE PARE;310000179;1;1;0;0;0
URGENCES;2021;310781000;CL DES CEDRES;310788880;1;1;0;0;1
URGENCES;2021;310781067;HOPITAL JOSEPH DUCUING;310788898;1;1;0;0;0
URGENCES;2021;310781505;CL D'OCCITANIE;310000492;1;1;0;0;1
URGENCES;2021;310783048;HOPITAL PURPAN CHU TLSE;310781406;1;1;0;0;1
URGENCES;2021;310783055;HOPITAL DE RANGUEIL CHU TOULOUSE;310781406;1;1;0;0;1
URGENCES;2021;320000086;CH AUCH EN GASCOGNE;320780117;1;1;0;0;1
URGENCES;2021;320000102;CH CONDOM;320780133;1;1;0;0;0
URGENCES;2021;330000555;CENTRE HOSPITALIER D'ARCACHON;330781204;1;1;0;0;1
URGENCES;2021;330000571;CH DE LA HAUTE GIRONDE;330781220;1;1;0;0;0
URGENCES;2021;330000589;CH SUD GIRONDE - SITE LANGON;330027509;1;1;0;0;1
URGENCES;2021;330000605;CTRE HOSPIT.R.BOULIN-LIBOURNE;330781253;1;1;0;0;1
URGENCES;2021;330058355;CH LIBOURNE- ANTENNE STE-FOY-LA-GRANDE;330781253;1;1;0;0;0
URGENCES;2021;330780263;POLYCLINIQUE BORDEAUX RIVE DROITE;330000134;1;1;0;0;0
URGENCES;2021;330780479;POLYCLIN BORDEAUX-NORD AQUITAINE;330000274;1;1;0;0;0
URGENCES;2021;330780495;CLINIQUE MUTUALISTE DU MEDOC;330796392;1;1;0;0;
URGENCES;2021;330780529;CLINIQUE MUTUALISTE DE PESSAC;330796392;1;1;0;0;0
URGENCES;2021;330780537;HOPITAL PRIVE WALLERSTEIN;330000324;1;1;0;0;0
URGENCES;2021;330781303;HIA ROBERT PICQUE;750821092;1;1;0;0;0
URGENCES;2021;330781352;HOPITAL SAINT-ANDRE - CHU;330781196;1;1;0;0;1
URGENCES;2021;330781360;GROUPE HOSPITALIER PELLEGRIN - CHU;330781196;1;1;0;1;1
URGENCES;2021;330783648;HOPITAL HAUT-LEVEQUE - CHU;330781196;1;1;0;0;0
URGENCES;2021;340000033;CH BEZIERS;340780055;1;1;0;0;0
URGENCES;2021;340000223;HOPITAL ST CLAIR HBT SETE;340011295;1;1;0;0;0
URGENCES;2021;340015502;CL DU MILLENAIRE;340000512;1;1;0;0;0
URGENCES;2021;340015965;POLYCL ST PRIVAT;340000074;1;1;0;0;0
URGENCES;2021;340022979;POLYCL ST ROCH;340000306;1;1;0;0;0
URGENCES;2021;340024314;CL ST JEAN SUD DE FRANCE;340000272;1;1;0;0;1
URGENCES;2021;340780147;POLYCL DES TROIS VALLEES;340000108;1;1;0;0;0
URGENCES;2021;340780154;POLYCL PASTEUR;340000116;1;1;0;0;0
URGENCES;2021;340780642;CL BEAU SOLEIL;340785856;1;1;0;0;0
URGENCES;2021;340780667;CL DU PARC;340000280;1;1;0;0;0
URGENCES;2021;340780717;CL ST LOUIS;340023225;1;1;0;0;0
URGENCES;2021;340780725;CL VIA DOMITIA;340000330;1;1;0;0;0
URGENCES;2021;340785161;HOPITAL LAPEYRONIE CHU MONTPELLIER;340780477;1;1;0;1;1
URGENCES;2021;350000121;CHP SAINT GREGOIRE;350000303;1;1;0;0;0
URGENCES;2021;350000147;CENTRE HOSPITALIER SAINT-MALO;350000022;1;1;0;0;1
URGENCES;2021;350000154;C.H FOUGERES;350000030;1;1;0;0;1
URGENCES;2021;350000162;CHIRC SITE REDON;350000048;1;1;0;0;1
URGENCES;2021;350000188;CENTRE HOSPITALIER VITRE;350000055;1;1;0;0;1
URGENCES;2021;350000741;CHRU RENNES SITE PONTCHAILLOU;350005179;1;1;0;0;1
URGENCES;2021;350005146;HOPITAL PRIVE SEVIGNE;350000733;1;1;0;0;0
URGENCES;2021;350007084;CHRU RENNES SITE HOPITAL SUD;350005179;1;0;0;1;0
URGENCES;2021;360000038;CH LA TOUR BLANCHE - ISSOUDUN;360000046;1;1;0;0;
URGENCES;2021;360000137;CH CHATEAUROUX;360000053;1;1;0;0;1
URGENCES;2021;360000160;CH DU BLANC;360000053;1;1;0;0;
URGENCES;2021;370000093;NCT+ ST GATIEN ALLIANCE - ET;370013468;1;1;0;0;0
URGENCES;2021;370000499;CHRU CLOCHEVILLE - TOURS;370000481;1;0;0;1;0
URGENCES;2021;370000531;CH DU CHINONAIS;370000606;1;1;0;0;
URGENCES;2021;370000879;CHIC - AMBOISE- HÔPITAL ROBERT DEBRÉ;370000564;1;1;0;0;
URGENCES;2021;370000903;CH PAUL MARTINAIS - LOCHES;370000614;1;1;0;0;0
URGENCES;2021;370004467;CHRU TROUSSEAU - CHAMBRAY;370000481;1;1;0;0;0
URGENCES;2021;370007569;PÔLE SANTÉ LÉONARD DE VINCI;370007528;1;1;0;0;
URGENCES;2021;380000026;CH FABRICE MARCHIOL LA MURE;380780031;1;1;0;0;
URGENCES;2021;380000034;CH PIERRE OUDOT BOURGOIN JALLIEU;380780049;1;1;0;0;
URGENCES;2021;380000042;CH YVES TOURAINE;380780056;1;1;0;0;0
URGENCES;2021;380000067;HOPITAL NORD - CHU38;380780080;1;1;0;1;1
URGENCES;2021;380000174;CH LUCIEN HUSSEL DE VIENNE;380781435;1;1;0;0;1
URGENCES;2021;380000406;HOPITAL DE VOIRON - CHU38;380780080;1;1;0;0;0
URGENCES;2021;380012658;GROUPE HOSPIT. MUTUALISTE DE GRENOBLE;380012609;1;1;0;0;1
URGENCES;2021;380020123;CLINIQUE DES COTES DU RHONE;380021139;1;1;0;0;0
URGENCES;2021;380782722;HOPITAL SUD - CHU38;380780080;1;1;0;0;
URGENCES;2021;380785956;CLINIQUE DES CEDRES;380795211;1;1;0;0;0
URGENCES;2021;390000040;CH LONS;390780146;1;1;0;0;1
URGENCES;2021;390000065;CH LOUIS JAILLON SAINT CLAUDE;390780161;1;1;0;0;0
URGENCES;2021;390000222;CH LOUIS PASTEUR DOLE;390780609;1;1;0;0;1
URGENCES;2021;400000105;CENTRE HOSPITALIER DAX;400780193;1;1;0;0;1
URGENCES;2021;400000139;CHI MONT DE MARSAN ET PAYS DES SOURCES;400011177;1;1;0;0;0
URGENCES;2021;400015103;GCS PAYS DE L'ADOUR;400015095;1;1;0;0;0
URGENCES;2021;410000020;CH BLOIS SIMONE VEIL;410000087;1;1;0;0;1
URGENCES;2021;410000038;CH VENDOME - MONTOIRE;410000095;1;1;0;0;0
URGENCES;2021;410000046;CH ROMORANTIN-LANTHENAY;410000103;1;1;0;0;0
URGENCES;2021;420000010;CH DE ROANNE;420780033;1;1;0;0;1
URGENCES;2021;420000226;CH DU FOREZ SITE DE MONTBRISON;420013831;1;1;0;0;
URGENCES;2021;420000234;CH DE FIRMINY;420780652;1;1;0;0;
URGENCES;2021;420000267;CH DU FOREZ SITE DE FEURS;420013831;1;1;0;0;1
URGENCES;2021;420011413;HOPITAL PRIVE DE LA LOIRE;420011405;1;1;0;0;0
URGENCES;2021;420780504;CLINIQUE DU PARC ST PRIEST EN JAREZ;420000135;1;1;0;0;
URGENCES;2021;420780637;CH DU GIER - MCO;420002495;1;1;0;0;1
URGENCES;2021;420782310;CLINIQUE DU RENAISON;420000853;1;1;0;0;0
URGENCES;2021;420785354;HOPITAL NORD - CHU42;420784878;1;1;0;1;1
URGENCES;2021;430000117;CH EMILE ROUX LE PUY;430000018;1;1;0;0;1
URGENCES;2021;430000190;CH DE BRIOUDE;430000034;1;1;0;0;1
URGENCES;2021;440000016;CH DE SAINT NAZAIRE;440000057;1;1;0;0;1
URGENCES;2021;440000271;CHU DE NANTES SITE HOTEL DIEU HME;440000289;1;1;0;1;1
URGENCES;2021;440000396;CH ERDRE ET LOIRE;440053643;1;1;0;0;0
URGENCES;2021;440000503;CH CNP SITE CHATEAUBRIANT;440000313;1;1;0;0;1
URGENCES;2021;440041580;HOPITAL PRIVE DU CONFLUENT;440041572;1;1;0;0;
URGENCES;2021;450000047;CH DEZARNAULDS - GIEN;450000096;1;1;0;0;1
URGENCES;2021;450000062;CH AGGLOMERATION MONTARGOISE;450000104;1;1;0;0;1
URGENCES;2021;450000070;CH PITHIVIERS;450000112;1;1;0;0;0
URGENCES;2021;450000294;ORELIANCE - REINE BLANCHE;450000591;1;1;0;0;0
URGENCES;2021;450002613;CHR ORLÉANS - HÔPITAL DE LA SOURCE;450000088;1;1;0;1;0
URGENCES;2021;460000045;CH FIGEAC SITE MAQUISARDS;460780083;1;1;0;0;
URGENCES;2021;460000052;CH ST JACQUES ST CERE;460780091;1;1;0;0;
URGENCES;2021;460000102;CH JEAN COULON GOURDON;460780208;1;1;0;0;1
URGENCES;2021;460000110;CH JEAN ROUGIER CAHORS;460780216;1;1;0;0;1
URGENCES;2021;470000027;CLINIQUE ESQUIROL-SAINT-HILAIRE;470014069;1;1;0;0;0
URGENCES;2021;470000423;CH AGEN NERAC - HOPITAL SAINT-ESPRIT;470016171;1;1;0;0;1
URGENCES;2021;470000431;CH VILLENEUVE -POLE SANTE VILLENEUVOIS;470000324;1;1;0;0;
URGENCES;2021;470000480;CENTRE HOSPITALIER DE MARMANDE - CHIC;470001660;1;1;0;0;1
URGENCES;2021;480000017;HOPITAL LOZERE SITE VALLEE DU LOT;480780097;1;1;0;0;1
URGENCES;2021;490000049;CHR ANGERS SITE LARREY;490000031;1;1;0;1;1
URGENCES;2021;490000635;CH DE CHOLET;490000676;1;1;0;0;1
URGENCES;2021;490001765;CH DE SAUMUR;490528452;1;1;0;0;1
URGENCES;2021;490014909;CLINIQUE DE L'ANJOU;490008109;1;1;0;0;0
URGENCES;2021;500000021;CHAG - SITE AVRANCHES;500000054;1;1;0;0;1
URGENCES;2021;500000187;CHPC - SITE CHERBOURG;500000013;1;1;0;0;1
URGENCES;2021;500000260;CHAG - SITE GRANVILLE;500000054;1;1;0;0;0
URGENCES;2021;500000427;CH DE SAINT HILAIRE DU HARCOUET;500000096;1;1;0;0;0
URGENCES;2021;500000450;CH MEMORIAL - SAINT-LO;500000112;1;1;0;0;
URGENCES;2021;500000591;CENTRE HOSPITALIER DE COUTANCES;500000393;1;1;0;0;
URGENCES;2021;510000169;CENTRE HOSPITALIER DE CHALONS;510000037;1;1;0;0;0
URGENCES;2021;510000185;POLYCLINIQUE DE COURLANCY;510000532;1;1;0;0;0
URGENCES;2021;510000235;CENTRE HOSPITALIER D'EPERNAY;510000060;1;1;0;0;0
URGENCES;2021;510000250;CENTRE HOSPITALIER VITRY LE FRANCOIS;510000078;1;1;0;0;0
URGENCES;2021;510002470;AMERICAN MEMORIAL HOSPITAL CHU REIMS;510000029;1;0;0;1;
URGENCES;2021;510004302;HOPITAL MAISON BLANCHE CHU REIMS;510000029;1;1;0;0;0
URGENCES;2021;510024979;POLYCLINIQUE REIMS - BEZANNES;510000532;1;1;0;0;0
URGENCES;2021;520000027;CENTRE HOSPITALIER DE CHAUMONT;520780032;1;1;0;0;1
URGENCES;2021;520000043;CENTRE HOSPITALIER DE LANGRES;520780057;1;1;0;0;
URGENCES;2021;520000068;CH GENEVIEVE DE GAULLE ANTHONIOZ;520780073;1;1;0;0;1
URGENCES;2021;530000017;CH HAUT ANJOU SITE CHATEAU GONTIER;530000025;1;1;0;0;1
URGENCES;2021;530000173;CH DU NORD MAYENNE;530000074;1;1;0;0;1
URGENCES;2021;530000264;CENTRE HOSPITALIER DE LAVAL;530000371;1;1;0;0;1
URGENCES;2021;540000015;CHRU NANCY - MATERNITE;540023264;1;0;0;1;0
URGENCES;2021;540000023;CENTRE HOSPITALIER SAINT CHARLES TOUL;540000049;1;1;0;0;1
URGENCES;2021;540000155;CENTRE HOSPITALIER DE LUNEVILLE;540000080;1;1;0;0;0
URGENCES;2021;540000296;;540000106;1;1;0;0;
URGENCES;2021;540000486;POLYCLINIQUE DE GENTILLY;540000932;1;1;0;0;0
URGENCES;2021;540001070;CH DE BRIEY - HOPITAL MAILLOT;540000767;1;1;0;0;1
URGENCES;2021;540001096;CH DE MT ST MARTIN (GROUPE SOS SANTE);570010181;1;1;0;0;0
URGENCES;2021;540001138;CHRU NANCY - HOPITAL CENTRAL;540023264;1;1;0;0;1
URGENCES;2021;540002698;CHRU NANCY - HOPITAUX DE BRABOIS;540023264;1;0;0;1;0
URGENCES;2021;550000012;CH VERDUN/ST MIHIEL-HOP ST NICOLAS;550006795;1;1;0;0;1
URGENCES;2021;550000434;CENTRE HOSPITALIER DE BAR-LE-DUC;550003354;1;1;0;0;1
URGENCES;2021;560000127;CHBA SITE DE VANNES;560023210;1;1;0;0;1
URGENCES;2021;560000135;GHBS- HÔPITAL DU SCORFF;560005746;1;1;0;0;
URGENCES;2021;560000143;CHCB- SITE KÉRIO;560014748;1;1;0;0;1
URGENCES;2021;560000192;CENTRE HOSPITALIER DE PLOERMEL;560000044;1;1;0;0;1
URGENCES;2021;570000059;CH MARIE-MADELEINE DE FORBACH;570025254;1;1;0;0;1
URGENCES;2021;570000117;CH SAINT-NICOLAS DE SARREBOURG;570015099;1;1;0;0;1
URGENCES;2021;570000216;HOPITAL DE SAINT AVOLD - SOS SANTE;570010181;1;1;0;0;
URGENCES;2021;570000349;HOPITAL BEL AIR DE THIONVILLE - CHR;570005165;1;1;0;0;0
URGENCES;2021;570000596;HIA LEGOUEST;750821092;1;1;0;0;0
URGENCES;2021;570000646;HOPITAL-CLINIQUE CLAUDE BERNARD;570001115;1;1;0;0;
URGENCES;2021;570000901;HOPITAL ROBERT PAX DE SARREGUEMINES;570000158;1;1;0;0;0
URGENCES;2021;570026682;HOPITAL DE MERCY - CHR METZ THIONVILLE;570005165;1;1;0;0;1
URGENCES;2021;580972669;CH CLAMECY;580780070;1;1;0;0;0
URGENCES;2021;580972677;CH COSNE COURS SUR LOIRE;580780088;1;1;0;0;0
URGENCES;2021;580972685;CH DECIZE;580780096;1;1;0;0;
URGENCES;2021;580972693;HOPITAL PIERRE BEREGOVOY;580780039;1;1;0;0;1
URGENCES;2021;590000121;CH SECLIN;590780227;1;1;0;0;1
URGENCES;2021;590000337;CH DUNKERQUE;590781415;1;1;0;0;1
URGENCES;2021;590000428;CH CAMBRAI;590781605;1;1;0;0;1
URGENCES;2021;590000436;CH LE CATEAU;590781621;1;1;0;0;1
URGENCES;2021;590000469;CH FOURMIES;590781662;1;1;0;0;0
URGENCES;2021;590000535;CH SAMBRE AVESNOIS MAUBEUGE;590781803;1;1;0;0;1
URGENCES;2021;590000592;CH DENAIN;590782165;1;1;0;0;0
URGENCES;2021;590000618;CH VALENCIENNES;590782215;1;1;0;1;1
URGENCES;2021;590000758;CH ARMENTIERES;590782637;1;1;0;0;1
URGENCES;2021;590000774;CH HAZEBROUCK;590782652;1;1;0;0;0
URGENCES;2021;590001004;CH DOUAI DECHY;590783239;1;1;0;0;
URGENCES;2021;590001749;POLYCLINIQUE DE GRANDE SYNTHE;590788956;1;1;0;0;
URGENCES;2021;590008041;POLYCLINIQUE VAUBAN;590008033;1;1;0;0;0
URGENCES;2021;590780284;GPT HOPITAUX INSTITUT CATHOLIQUE LILLE;590051801;1;1;0;0;
URGENCES;2021;590796975;HOP SALENGRO - HOPITAL B CHR LILLE;590780193;1;1;0;1;1
URGENCES;2021;590797353;HOPITAL SAINT VINCENT - SAINT ANTOINE;590051801;1;1;0;1;0
URGENCES;2021;590801106;HOPITAL VICTOR PROVO;590782421;1;1;0;1;
URGENCES;2021;590804696;CENTRE HOPITALIER DE TOURCOING;590781902;1;1;0;0;1
URGENCES;2021;590816310;CLINIQUE SAINT AME;590000048;1;1;0;0;0
URGENCES;2021;600000053;CH GHPSO SENLIS;600101984;1;1;0;0;0
URGENCES;2021;600000186;CH CLERMONT;600100648;1;1;0;0;
URGENCES;2021;600000194;CH BEAUVAIS;600100713;1;1;0;1;
URGENCES;2021;600000285;CH CHICN NOYON;600100721;1;1;0;0;
URGENCES;2021;600000467;CH GHPSO CREIL;600101984;1;1;0;1;1
URGENCES;2021;600100754;POLYCLINIQUE SAINT CÔME;600000228;1;1;0;0;0
URGENCES;2021;600113476;CH CHICN COMPIÈGNE;600100721;1;1;0;1;1
URGENCES;2021;610000044;CENTRE HOSPITALIER DE L'AIGLE;610780074;1;1;0;0;0
URGENCES;2021;610000051;CHICAM - SITE ALENCON;610780082;1;1;0;0;0
URGENCES;2021;610000069;CENTRE HOSPITALIER D'ARGENTAN;610780090;1;1;0;0;0
URGENCES;2021;610000077;CH MARGUERITE DE LORRAINE-MORTAGNE;610780124;1;1;0;0;0
URGENCES;2021;610000119;CH -JACQUES MONOD- - FLERS;610780165;1;1;0;0;
URGENCES;2021;610780116;CHIC DES ANDAINES - LA FERTE MACE;610790594;1;1;0;0;0
URGENCES;2021;620000034;CH ARRAS;620100057;1;1;0;1;1
URGENCES;2021;620000224;CH BETHUNE;620100651;1;1;0;0;1
URGENCES;2021;620000257;CH LENS;620100685;1;1;0;1;1
URGENCES;2021;620000323;CH CALAIS;620101337;1;1;0;0;1
URGENCES;2021;620000349;CH REGION DE ST OMER;620101360;1;1;0;0;1
URGENCES;2021;620000653;CH BOULOGNE-SUR-MER;620103440;1;1;0;1;1
URGENCES;2021;620003202;CH ARRONDISSEMENT DE MONTREUIL;620103432;1;1;0;0;
URGENCES;2021;620003350;HOPITAL DE RIAUMONT;620001834;1;1;0;0;1
URGENCES;2021;620003376;POLYCLINIQUE MED CHIR D'HENIN-BEAUMONT;620001834;1;1;0;0;1
URGENCES;2021;620025346;POLYCLINIQUE DE LA -CLARENCE-;620001834;1;1;0;0;0
URGENCES;2021;620100735;CLINIQUE ANNE ARTOIS;620000265;1;1;0;0;0
URGENCES;2021;630000404;HOPITAL GABRIEL MONTPIED - CHU63;630780989;1;1;0;0;1
URGENCES;2021;630000412;CH D'AMBERT;630780997;1;1;0;0;1
URGENCES;2021;630000420;CH PAUL ARDIER ISSOIRE;630781003;1;1;0;0;0
URGENCES;2021;630000438;CH DE RIOM;630781011;1;1;0;0;
URGENCES;2021;630000446;CH DE THIERS;630781029;1;1;0;0;0
URGENCES;2021;630780211;POLE SANTE REPUBLIQUE;630000107;1;1;0;0;0
URGENCES;2021;630781268;HOPITAL ESTAING - CHU63;630780989;1;0;0;1;0
URGENCES;2021;640000162;CH DE LA COTE BASQUE - BAYONNE;640780417;1;1;0;0;1
URGENCES;2021;640000402;CENTRE HOSPITALIER D'ORTHEZ;640780813;1;1;0;0;1
URGENCES;2021;640000410;CENTRE HOSPITALIER OLORON;640780821;1;1;0;0;1
URGENCES;2021;640000600;CENTRE HOSPITALIER DE PAU;640781290;1;1;0;0;
URGENCES;2021;640017646;CENTRE HOSPITALIER DE SAINT-PALAIS;640017638;1;1;0;0;0
URGENCES;2021;640018206;CAPIO CLINIQUE BELHARRA;640012209;1;1;0;0;
URGENCES;2021;640780490;CAPIO CLINIQUE AGUILERA;640000212;1;1;0;0;
URGENCES;2021;640780748;POLYCLINIQUE CÔTE BASQUE SUD;640000360;1;1;0;0;0
URGENCES;2021;640780938;POLYCLINIQUE MARZET;640000451;1;1;0;0;0
URGENCES;2021;650000045;CH LOURDES;650780158;1;1;0;0;0
URGENCES;2021;650000052;CH BAGNERES DE BIGORRE;650780166;1;1;0;0;0
URGENCES;2021;650000417;CH BIGORRE SITE GESPE TARBES;650783160;1;1;0;0;
URGENCES;2021;650780679;POLYCL DE L'ORMEAU SITE CENTRE;650000243;1;1;0;0;0
URGENCES;2021;650784218;CMC HOPITAUX DE LANNEMEZAN;650780174;1;1;0;0;1
URGENCES;2021;660000084;CH PERPIGNAN;660780180;1;1;0;1;
URGENCES;2021;660780628;CL DU VALLESPIR;660000282;1;1;0;0;0
URGENCES;2021;660780776;CL ST MICHEL;660000399;1;1;0;0;0
URGENCES;2021;660780784;CL ST PIERRE;660000407;1;1;0;0;0
URGENCES;2021;660790387;POLYCL MEDIPOLE ST ROCH;660790379;1;1;0;0;0
URGENCES;2021;670000025;HOPITAL CIVIL / NOUVEL HOPITAL CIVIL;670780055;1;1;0;0;1
URGENCES;2021;670000157;CENTRE HOSPITALIER DE HAGUENAU;670780337;1;1;0;0;1
URGENCES;2021;670000165;CH SAINTE-CATHERINE DE SAVERNE;670780345;1;1;0;0;
URGENCES;2021;670000272;CH INTERCOMMUNAL DE LA LAUTER;670780543;1;1;0;0;0
URGENCES;2021;670000397;CENTRE HOSPITALIER DE SELESTAT;670017755;1;1;0;0;1
URGENCES;2021;670018068;CLINIQUE RHENA GCS ES;670017847;1;1;0;0;0
URGENCES;2021;670780212;CLINIQUE SAINTE-ANNE;670014604;1;1;0;0;0
URGENCES;2021;670783273;HOPITAL DE HAUTEPIERRE;670780055;1;1;0;1;1
URGENCES;2021;680000320;CLINIQUE DIACONAT FONDERIE;680000643;1;1;0;0;
URGENCES;2021;680000544;CENTRE HOSPITALIER D'ALTKIRCH;680020336;1;1;0;0;0
URGENCES;2021;680000684;HOPITAL LOUIS PASTEUR;680000973;1;1;0;0;
URGENCES;2021;680000700;CENTRE HOSPITALIER DE GUEBWILLER;680001005;1;1;0;0;0
URGENCES;2021;680004546;HOPITAL EMILE MULLER;680020336;1;1;0;0;
URGENCES;2021;680020096;POLE PUBLIC SAINT-LOUIS - GHRMSA;680020336;1;1;0;0;0
URGENCES;2021;690000013;CH MONTGELAS;690780036;1;1;0;0;
URGENCES;2021;690000575;CH NORD OUEST - VILLEFRANCHE;690782222;1;1;0;0;1
URGENCES;2021;690000625;CH DE TARARE;690782271;1;1;0;0;0
URGENCES;2021;690007539;HOPITAL FEMME MERE ENFANT - HCL;690781810;1;0;0;1;
URGENCES;2021;690023411;HOPITAL PRIVE JEAN MERMOZ;690000252;1;1;0;0;0
URGENCES;2021;690041132;MEDIPOLE HOPITAL MUTUALISTE;690006598;1;1;0;0;1
URGENCES;2021;690780093;HIA DESGENETTES;750821092;1;1;0;0;0
URGENCES;2021;690780390;POLYCLINIQUE LYON NORD;690000229;1;1;0;0;0
URGENCES;2021;690780416;GPE HOSP MUTUALISTE LES PORTES DU SUD;690031190;1;1;0;0;0
URGENCES;2021;690780648;CLINIQUE DE LA SAUVEGARDE;690036900;1;1;0;0;0
URGENCES;2021;690780655;HOPITAL PRIVE DE L'EST LYONNAIS (HPEL);690000377;1;1;0;0;0
URGENCES;2021;690783154;HOPITAL EDOUARD HERRIOT - HCL;690781810;1;1;0;0;1
URGENCES;2021;690784137;HOPITAL LYON SUD - HCL;690781810;1;1;0;0;
URGENCES;2021;690784152;HOPITAL CROIX-ROUSSE - HCL;690781810;1;1;0;0;
URGENCES;2021;690805361;CH ST JOSEPH ST LUC;690805353;1;1;0;0;1
URGENCES;2021;690807367;POLYCLINIQUE DU BEAUJOLAIS;690003447;1;1;0;0;0
URGENCES;2021;700000011;GH HAUTE SAONE SITE GRAY;700004591;1;1;0;0;1
URGENCES;2021;700000029;GH HAUTE SAONE SITE VESOUL;700004591;1;1;0;0;
URGENCES;2021;710010067;CH DU PAYS CHAROLAIS BRIONNAIS;710780644;1;1;0;0;0
URGENCES;2021;710010786;CH AUTUN SITE PARPAS;710781451;1;1;0;0;0
URGENCES;2021;710978263;CH WILLIAM MOREY CHALON SUR SAONE;710780958;1;1;0;0;1
URGENCES;2021;710978289;CH LES CHANAUX MACON;710780263;1;1;0;0;1
URGENCES;2021;710978313;CENTRE HOSPITALIER JEAN BOUVERI;710976705;1;1;0;0;0
URGENCES;2021;710978347;HOTEL DIEU DU CREUSOT;570010181;1;1;0;0;0
URGENCES;2021;720000033;CENTRE HOSPITALIER DU MANS;720000025;1;1;0;1;1
URGENCES;2021;720000124;CENTRE HOSPITALIER CHATEAU DU LOIR;720000066;1;1;0;0;0
URGENCES;2021;720000470;CENTRE HOSPITALIER MAMERS;610780082;1;1;0;0;1
URGENCES;2021;720000520;CENTRE HOSPITALIER ST CALAIS;720000140;1;1;0;0;0
URGENCES;2021;720001437;CH PAUL CHAPRON;720006022;1;1;0;0;0
URGENCES;2021;720016179;POLE SANTE SARTHE ET LOIR;720016724;1;1;0;0;0
URGENCES;2021;720017748;CENTRE MEDICO CHIRURGICAL DU MANS;720000561;1;1;0;0;
URGENCES;2021;730000031;CHMS CHAMBERY NH;730000015;1;1;0;0;
URGENCES;2021;730000080;CH DE SAINT JEAN DE MAURIENNE;730780103;1;1;0;0;1
URGENCES;2021;730000098;CHMS AIX GRAND PORT;730000015;1;1;0;0;
URGENCES;2021;730000247;CH DE BOURG ST MAURICE;730780525;1;1;0;0;0
URGENCES;2021;730000262;CH D'ALBERTVILLE;730002839;1;1;0;0;1
URGENCES;2021;730004298;HOPITAL PRIVE MEDIPOLE DE SAVOIE;730010048;1;1;0;0;0
URGENCES;2021;740000237;CH ANNECY-GENEVOIS SITE ANNECY;740781133;1;1;0;0;1
URGENCES;2021;740000302;CH ANNECY-GENEVOIS SITE ST JULIEN EN G;740781133;1;1;0;0;1
URGENCES;2021;740000328;HOPITAUX DU LEMAN;740790381;1;1;0;0;1
URGENCES;2021;740014345;HOPITAL PRIVE PAYS DE SAVOIE;740000617;1;1;0;0;
URGENCES;2021;740780424;CLINIQUE GENERALE D'ANNECY;740000120;1;1;0;0;0
URGENCES;2021;740781141;CH ALPES LEMAN;740790258;1;1;0;0;1
URGENCES;2021;740781224;HOPITAUX DU MONT BLANC SITE SALLANCHES;740001839;1;1;0;0;1
URGENCES;2021;750000523;GH PARIS SITE SAINT JOSEPH;750150120;1;1;0;0;0
URGENCES;2021;750000549;HOPITAL FONDATION A DE ROTHSCHILD;750150229;1;1;0;0;0
URGENCES;2021;750100018;HU PARIS CENTRE SITE HOTEL DIEU APHP;750712184;1;1;0;0;0
URGENCES;2021;750100042;HU SAINT LOUIS SITE LARIBOISIERE APHP;750712184;1;1;0;0;
URGENCES;2021;750100075;HU SAINT LOUIS SITE SAINT LOUIS APHP;750712184;1;1;0;0;0
URGENCES;2021;750100091;HU EST PARISIEN SITE ST ANTOINE APHP;750712184;1;1;0;0;1
URGENCES;2021;750100109;HU EST PARISIEN SITE TROUSSEAU APHP;750712184;1;0;0;1;0
URGENCES;2021;750100125;HU PITIE SALPETRIERE APHP;750712184;1;1;0;0;0
URGENCES;2021;750100166;HU PARIS CENTRE SITE COCHIN APHP;750712184;1;1;0;0;0
URGENCES;2021;750100208;HU NECKER ENFANTS MALADES APHP;750712184;1;0;0;1;0
URGENCES;2021;750100232;HU PARIS NORD SITE BICHAT APHP;750712184;1;1;0;0;
URGENCES;2021;750100273;HU EST PARISIEN SITE TENON APHP;750712184;1;1;0;0;1
URGENCES;2021;750150237;HOPITAL DE LA CROIX SAINT SIMON;750006728;1;1;0;0;0
URGENCES;2021;750803447;HU PARIS OUEST SITE G POMPIDOU APHP;750712184;1;1;0;0;1
URGENCES;2021;750803454;HU ROBERT DEBRE APHP;750712184;1;0;0;1;0
URGENCES;2021;760000018;CH DIEPPE;760780023;1;1;0;0;1
URGENCES;2021;760000042;CH EU;760780056;1;1;0;0;0
URGENCES;2021;760000141;HOPITAL SAINT JULIEN CHU ROUEN;760780239;1;1;0;0;
URGENCES;2021;760000158;HOPITAL CHARLES NICOLLE CHU ROUEN;760780239;1;1;0;1;1
URGENCES;2021;760000364;CHI DU PAYS DES HAUTES FALAISES FECAMP;760780734;1;1;0;0;1
URGENCES;2021;760000372;CH LILLEBONNE CHI CAUX VALLEE DE SEINE;760780742;1;1;0;0;0
URGENCES;2021;760000463;CH LES FEUGRAIS CHI ELBEUF;760024042;1;1;0;0;1
URGENCES;2021;760021329;HOPITAL PRIVE DE L'ESTUAIRE;760000448;1;1;0;0;0
URGENCES;2021;760780510;CLINIQUE DU CEDRE;760000257;1;1;0;0;0
URGENCES;2021;760780791;CLINIQUE LES ORMEAUX-VAUBAN LE HAVRE;760000414;1;1;0;0;0
URGENCES;2021;760805770;HOPITAL JACQUES MONOD CH LE HAVRE;760780726;1;1;0;1;1
URGENCES;2021;760921809;CLINIQUE DE L'EUROPE ROUEN;760000273;1;1;0;0;0
URGENCES;2021;770000131;CH DE COULOMMIERS;770021145;1;1;0;1;
URGENCES;2021;770000149;CH SUD SEINE ET MARNE FONTAINEBLEAU;770021152;1;1;0;1;1
URGENCES;2021;770000156;CH DE MELUN SITE SANTEPOLE;770110054;1;1;0;1;1
URGENCES;2021;770000164;CH SUD SEINE ET MARNE SITE MONTEREAU;770021152;1;1;0;0;0
URGENCES;2021;770000172;CH DE PROVINS LEON BINET;770110070;1;1;0;1;
URGENCES;2021;770000214;CH SUD SEINE ET MARNE SITE DE NEMOURS;770021152;1;1;0;0;1
URGENCES;2021;770000446;CH DE MEAUX SITE SAINT FARON;770021145;1;1;0;1;
URGENCES;2021;770019032;GHEF MARNE LA VALLEE SITE JOSSIGNY;770021145;1;1;0;1;
URGENCES;2021;770300010;HOPITAL PRIVE DE MARNE CHANTEREINE;770004299;1;1;0;0;0
URGENCES;2021;770300135;CLINIQUE MEDICO CHIRURG LES FONTAINES;770000289;1;1;0;0;0
URGENCES;2021;770790707;CLINIQUE DE TOURNAN;770000719;1;1;0;0;0
URGENCES;2021;780000287;CH FRANCOIS QUESNAY MANTES;780110011;1;1;0;1;
URGENCES;2021;780000295;CHI DE MEULAN LES MUREAUX;780002697;1;1;0;0;1
URGENCES;2021;780000311;CHI POISSY ST GERMAIN SITE DE POISSY;780001236;1;1;0;1;
URGENCES;2021;780000329;CH DE RAMBOUILLET;780110052;1;1;0;1;0
URGENCES;2021;780022737;POLYCLINIQUE DE MAISONS LAFFITTE;780000675;1;1;0;0;0
URGENCES;2021;780300323;HOPITAL PRIVE FRANCISCAINES;780003679;1;1;0;0;
URGENCES;2021;780300406;HOPITAL PRIVE DE PARLY II;780018032;1;1;0;0;0
URGENCES;2021;780300414;CH PRIVE DE L EUROPE;780000675;1;1;0;0;0
URGENCES;2021;780300422;HOPITAL PRIVE DE L OUEST PARISIEN;780002259;1;1;0;0;0
URGENCES;2021;780300455;CH PRIVE DU MONTGARDE;780000717;1;1;0;0;0
URGENCES;2021;780800256;CH DE VERSAILLES SITE ANDRE MIGNOT;780110078;1;1;0;1;1
URGENCES;2021;790000087;CENTRE HOSPITALIER DE NIORT;790000012;1;1;0;0;1
URGENCES;2021;790009948;POLYCLINIQUE D'INKERMANN;790001242;1;1;0;0;
URGENCES;2021;790019848;SITE HOSPITALIER FAYE L'ABBESSE;790006654;1;1;0;0;1
URGENCES;2021;800000143;CH ABBEVILLE;800000028;1;1;0;0;1
URGENCES;2021;800000226;CH DOULLENS;800000069;1;1;0;0;
URGENCES;2021;800000390;CH CHIMR MONTDIDIER;800000085;1;1;0;0;0
URGENCES;2021;800000432;CH PÉRONNE;800000093;1;1;0;0;0
URGENCES;2021;800006124;CHU AMIENS SUD;800000044;1;1;0;1;1
URGENCES;2021;800015729;SAS DE CARDIOLOGIES ET URGENCES;800015679;1;1;0;0;0
URGENCES;2021;810000224;CL CLAUDE BERNARD;810000471;1;1;0;0;0
URGENCES;2021;810000505;CH ALBI;810000331;1;1;0;0;1
URGENCES;2021;810000521;CHIC CASTRES MAZAMET SITE AUTAN;810000380;1;1;0;0;
URGENCES;2021;810000562;CH LAVAUR;810000455;1;1;0;0;1
URGENCES;2021;810101444;POLYCL DU SIDOBRE;810000992;1;1;0;0;
URGENCES;2021;820000032;CH MONTAUBAN;820000016;1;1;0;0;1
URGENCES;2021;820000057;CL DU PONT DE CHAUME;820000131;1;1;0;0;0
URGENCES;2021;820000883;CHI CASTELSARRASIN MOISSAC SITE MOISSA;820004950;1;1;0;0;0
URGENCES;2021;830000279;CH JEAN MARCEL DE BRIGNOLES;830100517;1;1;0;0;
URGENCES;2021;830000287;CH LA DRACENIE DE DRAGUIGNAN;830100525;1;1;0;0;
URGENCES;2021;830000295;CH DE HYERES MARIE JOSEE TREFFOT;830100533;1;1;0;0;1
URGENCES;2021;830000311;CHI DE FREJUS SAINT RAPHAEL;830100566;1;1;0;0;1
URGENCES;2021;830000337;CENTRE HOSPITALIER DE SAINT TROPEZ;830100590;1;1;0;0;0
URGENCES;2021;830000345;CHITS CH SAINTE MUSSE;830100616;1;1;0;0;1
URGENCES;2021;830100574;HIA SAINTE ANNE;750821092;1;1;0;0;0
URGENCES;2021;830100608;CHITS CH GEORGE SAND;830100616;1;1;0;0;0
URGENCES;2021;830200523;POLYCLINIQUE MUTUALISTE MALARTIC;830210084;1;1;0;0;0
URGENCES;2021;840000343;CENTRE HOSPITALIER DU PAYS D'APT;840000012;1;1;0;0;1
URGENCES;2021;840000392;CENTRE HOSPITALIER DE CARPENTRAS;840000046;1;1;0;0;1
URGENCES;2021;840000418;CHI DE CAVAILLON LAURIS;840004659;1;1;0;0;0
URGENCES;2021;840000483;CH LOUIS GIORGI D'ORANGE;840000087;1;1;0;0;1
URGENCES;2021;840000491;CHI SITE DE PERTUIS;130041916;1;1;0;0;0
URGENCES;2021;840000525;CH VAISON LA ROMAINE;840000111;1;1;0;0;1
URGENCES;2021;840000533;CH JULES NIEL DE VALREAS;840000129;1;1;0;0;1
URGENCES;2021;840001861;CH D'AVIGNON HENRI DUFFAUT;840006597;1;1;0;0;1
URGENCES;2021;850000118;CLINIQUE SAINT CHARLES;850013244;1;1;0;0;0
URGENCES;2021;850000142;CHD SITE LA ROCHE SUR YON;850000019;1;1;0;1;0
URGENCES;2021;850000175;CH LVO - SITE DE CHALLANS;850009010;1;1;0;0;1
URGENCES;2021;850000209;CHD-SITE DE LUCON;850000019;1;1;0;0;0
URGENCES;2021;850000225;CHD - SITE DE MONTAIGU;850000019;1;1;0;0;0
URGENCES;2021;850000241;CENTRE HOSPITALIER COTE DE LUMIÈRE;850000084;1;1;0;0;
URGENCES;2021;850009630;CH FONTENAY SITE POLE SANTE SUD VENDEE;850000035;1;1;0;0;
URGENCES;2021;860000025;CHU DE POITIERS - SITE CHATELLERAULT;860014208;1;1;0;0;0
URGENCES;2021;860000058;CHU DE POITIERS - SITE DE MONTMORILLON;860014208;1;1;0;0;0
URGENCES;2021;860000223;CHU LA MILETRIE;860014208;1;1;0;1;0
URGENCES;2021;860010321;POLYCLINIQUE DE POITIERS;860010313;1;1;0;0;0
URGENCES;2021;870000064;C H U DUPUYTREN LIMOGES;870000015;1;1;0;0;
URGENCES;2021;870000098;CENTRE HOSPITALIER SAINT JUNIEN;870000023;1;1;0;0;1
URGENCES;2021;870000270;CTRE HOSPITALIER J BOUTARD ST YRIEIX;870000031;1;1;0;0;1
URGENCES;2021;870000288;CLINIQUE FRANCOIS CHENIEUX;870017415;1;1;0;0;0
URGENCES;2021;870014859;HOPITAL DE LA MERE ET DE L'ENFANT;870000015;1;0;0;1;0
URGENCES;2021;880000021;CHI E.DURKHEIM - PLATEAU DE LA JUSTICE;880007059;1;1;0;0;1
URGENCES;2021;880000047;CENTRE HOSPITALIER DE SAINT-DIE;880780077;1;1;0;0;1
URGENCES;2021;880000054;CHI L'OUEST VOSGIEN SITE NEUFCHATEAU;880007299;1;1;0;0;1
URGENCES;2021;880000062;CENTRE HOSPITALIER DE REMIREMONT;880780093;1;1;0;0;
URGENCES;2021;880000070;CHI DE L'OUEST VOSGIEN SITE DE VITTEL;880007299;1;1;0;0;1
URGENCES;2021;890975527;CH AUXERRE;890000037;1;1;0;1;
URGENCES;2021;890975535;CH AVALLON;890000409;1;1;0;0;0
URGENCES;2021;890975543;CH JOIGNY;890000417;1;1;0;0;
URGENCES;2021;890975550;CH SENS;890970569;1;1;0;1;0
URGENCES;2021;890975568;CENTRE HOSPITALIER DU TONNERROIS;890000433;1;1;0;0;0
URGENCES;2021;900003039;HNFC SITE TREVENANS;900000365;1;1;0;0;1
URGENCES;2021;910000272;CH D ARPAJON;910110014;1;1;0;1;1
URGENCES;2021;910000280;CH DOURDAN ETAMPES SITE DOURDAN;910019447;1;1;0;0;0
URGENCES;2021;910000298;CH DES DEUX VALLEES SITE LONGJUMEAU;910110055;1;1;0;1;1
URGENCES;2021;910000306;CH D ORSAY;910110055;1;1;0;1;1
URGENCES;2021;910001973;CH DOURDAN ETAMPES SITE ETAMPES;910019447;1;1;0;0;0
URGENCES;2021;910018423;CH DES DEUX VALLEES SITE JUVISY;910110055;1;1;0;0;0
URGENCES;2021;910020254;CH SUD FRANCILIEN SITE JEAN JAURES;910002773;1;1;0;1;1
URGENCES;2021;910300144;CMCO D EVRY;910000447;1;1;0;0;0
URGENCES;2021;910300219;HOPITAL PRIVE JACQUES CARTIER;910003888;1;1;0;0;0
URGENCES;2021;910300300;HOPITAL PRIVE DU VAL D YERRES;910000538;1;1;0;0;0
URGENCES;2021;910803543;HOPITAL PRIVE CLAUDE GALIEN;910017615;1;1;0;0;0
URGENCES;2021;920000577;CH DE NANTERRE;920110020;1;1;0;0;
URGENCES;2021;920000585;CH RIVES DE SEINE SITE NEUILLY S/SEINE;920026374;1;1;0;1;
URGENCES;2021;920000619;CH DES QUATRE VILLES SITE ST CLOUD;920009909;1;1;0;0;0
URGENCES;2021;920000643;INSTITUT FRANCO BRITANNIQUE KLEBER;750720468;1;1;0;1;
URGENCES;2021;920000650;HOPITAL FOCH;920150059;1;1;0;0;1
URGENCES;2021;920100013;HU OUEST SITE AMBROISE PARE APHP;750712184;1;1;0;1;1
URGENCES;2021;920100021;HU PARIS SUD SITE ANTOINE BECLERE APHP;750712184;1;1;0;1;1
URGENCES;2021;920100039;HU PARIS NORD SITE BEAUJON APHP;750712184;1;1;0;0;1
URGENCES;2021;920100047;HU PARIS NORD SITE LOUIS MOURIER APHP;750712184;1;1;0;1;
URGENCES;2021;920120011;HIA PERCY;750821092;1;1;1;0;0
URGENCES;2021;920300043;HOPITAL PRIVE D ANTONY;920001526;1;1;0;0;0
URGENCES;2021;920300597;CLINIQUE DE MEUDON LA FORET;920000940;1;1;0;0;0
URGENCES;2021;930000286;GHI LE RAINCY MONTFERMEIL;930021480;1;1;0;1;0
URGENCES;2021;930000302;CHI ANDRE GREGOIRE;930110036;1;1;0;1;1
URGENCES;2021;930000328;CH GENERAL DELAFONTAINE;930110051;1;1;0;1;
URGENCES;2021;930000336;CHI ROBERT BALLANGER;930110069;1;1;0;1;0
URGENCES;2021;930100037;HU PARIS SITE AVICENNE APHP;750712184;1;1;0;0;1
URGENCES;2021;930100045;HU PARIS SITE JEAN VERDIER APHP;750712184;1;1;0;1;
URGENCES;2021;930300025;HOPITAL EUROPEEN LA ROSERAIE;930000393;1;1;0;0;0
URGENCES;2021;930300066;HOPITAL PRIVE DE L EST PARISIEN;930000401;1;1;0;0;0
URGENCES;2021;930300082;CENTRE MEDICO CHIRURGICAL FLOREAL;930000419;1;1;0;0;0
URGENCES;2021;930300116;HOPITAL PRIVE DE LA SEINE SAINT DENIS;930000427;1;1;0;0;0
URGENCES;2021;930300553;CLINIQUE DE L ESTREE;930000633;1;1;0;0;
URGENCES;2021;930300595;HOPITAL PRIVE DU VERT GALANT;930000658;1;1;0;0;
URGENCES;2021;940000573;CHI DE CRETEIL;940110018;1;1;0;1;1
URGENCES;2021;940000599;CHI LUCIE ET RAYMOND AUBRAC;940110042;1;1;0;1;1
URGENCES;2021;940000649;HOPITAL SAINT CAMILLE;940150014;1;1;0;1;1
URGENCES;2021;940100027;HU HENRI MONDOR SITE HENRI MONDOR APHP;750712184;1;1;0;0;1
URGENCES;2021;940100043;HU PARIS SUD SITE KREMLIN BICETRE APHP;750712184;1;1;0;1;0
URGENCES;2021;940120017;HIA BEGIN;750821092;1;1;0;0;0
URGENCES;2021;940300031;HOPITAL PRIVE PAUL D EGINE;940000706;1;1;0;0;0
URGENCES;2021;940300270;HOPITAL PRIVE ARMAND BRILLARD;940000771;1;1;0;0;0
URGENCES;2021;940300445;CLINIQUE DU SUD;940000854;1;1;0;0;0
URGENCES;2021;940300569;HOPITAL PRIVE DE VITRY SITE PASTEUR;940000912;1;1;0;0;0
URGENCES;2021;950000307;CH VICTOR DUPOUY;950110015;1;1;0;1;1
URGENCES;2021;950000315;GH CARNELLE PORTES OISE SITE BEAUMONT;950001370;1;1;0;0;1
URGENCES;2021;950000323;GHEM SIMONE VEIL SITE EAUBONNE;950013870;1;1;0;1;
URGENCES;2021;950000331;CH GENERAL DE GONESSE;950110049;1;1;0;1;1
URGENCES;2021;950000349;GHI DU VEXIN SITE MAGNY;950015289;1;1;0;0;0
URGENCES;2021;950000364;CH RENE DUBOS;950110080;1;1;0;1;0
URGENCES;2021;950300244;CHP SAINTE MARIE OSNY;950045468;1;1;0;0;0
URGENCES;2021;950300277;HOPITAL PRIVE NORD PARISIEN;950000547;1;1;0;0;0
URGENCES;2021;950807982;CLINIQUE CLAUDE BERNARD;950001636;1;1;0;0;0
URGENCES;2021;970100392;CENTRE HOSPITALIER DE LA BASSE -TERRE;970100178;1;1;0;0;1
URGENCES;2021;970100400;C.H. LOUIS CONSTANT FLEMING;970100186;1;1;0;0;
URGENCES;2021;970100426;C.H. STE MARIE;970100202;1;1;0;0;0
URGENCES;2021;970100442;C.H.U. DE POINTE-A-PITRE/ABYMES;970100228;1;1;0;1;
URGENCES;2021;970107249;CLINIQUE -LES EAUX CLAIRES-;970100731;1;1;0;0;0
URGENCES;2021;970211215;CHU DE MARTINIQUE SITE P.ZOBDA QUITMAN;970211207;1;1;0;0;0
URGENCES;2021;970211223;CHU DE MARTINIQUE SITE DE TRINITE;970211207;1;1;0;0;0
URGENCES;2021;970211256;CHU DE MARTINIQUE SITE MERE ENFANT;970211207;1;0;0;1;0
URGENCES;2021;970300026;CENTRE HOSPITALIER DE CAYENNE;970302022;1;1;0;0;
URGENCES;2021;970300083;CENTRE HOSPITALIER -FRANCK-JOLY-;970302121;1;1;0;0;0
URGENCES;2021;970305637;CENTRE HOSPITALIER INTERCOM DE KOUROU;970305629;1;1;0;0;0
URGENCES;2021;970400024;CHU SITE FELIX GUYON (SAINT DENIS);970408589;1;1;0;1;1
URGENCES;2021;970400057;CHU SITE SUD (SAINT PIERRE);970408589;1;1;0;1;
URGENCES;2021;970400065;CH OUEST REUNION;970421038;1;1;0;1;1
URGENCES;2021;970400073;GHER (SAINT-BENOIT);970403606;1;1;0;0;1
URGENCES;2021;980500011;CHM;980500003;1;1;0;0;0
