BOR;AN;FI;RS;FI_EJ;LIT;JOU;ENT;DECES;URG_EJ;URG_EXT;MCO_EJ;MCO_EXT;GER_EJ;GER_EXT;SSR_EJ;SSR_EXT;PSY_EJ;PSY_EXT;HAD_EJ;HAD_EXT;DOMIC1;PEGER;EMGER;GERPSY;EMPAL;ALZ;EHPAD;VILHOS;RETR
USLD;2021;010000081;CH DU PAYS DE GEX;010780112;30;8964;18;18;;;;;;;;;;;;;;;;;;;;;
USLD;2021;010000115;CHI AIN VAL DE SAONE - PONT VEYLE;010009132;30;9801;29;5;;;4;4;;;10;;;;;;11;0;0;0;0;0;0;0;0
USLD;2021;010009314;SSR HOTEL DIEU DE FLEYRIAT;010780054;94;29061;53;40;;;4;8;3;;24;3;;1;;;3;;;;;;;;
USLD;2021;010009702;USLD EMILE PELICAND;010780054;11;3786;8;3;;;1;;1;;3;;;;;;2;;;;;;;;
USLD;2021;010789576;USLD;010780096;30;10176;25;12;;;0;0;0;0;11;2;;;;;10;;;;;;5;6;0
USLD;2021;010789717;USLD CH D'OYONNAX;010008407;35;12443;30;27;;;;;;;21;7;;2;;;;;;;;;1;;
USLD;2021;020000089;CH GUISE;020000022;30;9947;6;10;;;;;;;6;;;;;;;;;1;;;;1;
USLD;2021;020000162;CH SAINT-QUENTIN;020000063;60;19437;32;22;0;;1;;1;;11;5;;2;;;12;0;0;0;11;0;1;0;4
USLD;2021;020000535;CH CHAUNY;020000287;44;9595;11;17;;;;;;;8;2;;;;;1;;;;;;1;;
USLD;2021;020004677;USLD CH SOISSONS;020000261;50;15584;34;22;;;5;;1;;15;;0;;0;;13;0;0;0;1;0;0;0;0
USLD;2021;020005476;USLD CH LAON;020000253;41;8076;22;14;;;18;;;;;;;;;;4;;;;;;2;;
USLD;2021;020009684;USLD MSB BOHAIN-EN-VERMANDOIS;020002085;30;7335;8;10;;;;3;;;;3;;;;;2;;;;9;;2;;
USLD;2021;030000061;CH DE MOULINS;030780092;80;28900;50;37;0;0;29;0;0;0;11;3;0;0;0;0;7;0;0;2;1;0;8;0;0
USLD;2021;030000079;CH DE MONTLUCON;030780100;60;20117;31;25;;;17;;3;;6;;;;;;5;;;;;;;;
USLD;2021;030000087;CH JACQUES LACARIN VICHY;030780118;105;36617;62;60;0;0;9;1;0;0;16;5;0;0;0;0;29;640;615;0;540;0;1;;9
USLD;2021;030000160;CENTRE HOSPITALIER SPECIALISE D'AINAY;030780282;40;14388;3;2;0;0;0;1;0;0;0;0;1;0;0;0;1;0;0;0;0;0;1;0;0
USLD;2021;040780405;CENTRE DES CARMES;040000168;41;8821;22;5;;;;4;;;4;3;;1;;;10;;1;;;;3;;
USLD;2021;040788440;CHI MANOSQUE USLD SITE SAINT ANDRE;040780215;30;8568;27;13;;;;;;;;;;;;;;;;;;;;;
USLD;2021;050000132;CH BUECH DURANCE;050007145;25;8282;15;5;;;;;;;;;;;;;;;;;;;;;
USLD;2021;050000231;CH DES ESCARTONS DE BRIANCON;050000116;30;9913;19;;;;1;;;;;10;;;;;11;;;;;;;;
USLD;2021;050000256;CENTRE HOSPITALIER D'EMBRUN;050000124;30;7274;16;8;;;1;;1;;4;2;;;;;7;;;;;;;;
USLD;2021;050000348;CHI DES ALPES DU SUD SITE DE GAP;050002948;50;17225;26;18;0;0;9;0;0;0;0;0;0;0;0;0;11;;;;;;3;0;6
USLD;2021;060000478;CENTRE HOSPITALIER DE GRASSE;060780897;30;9338;15;13;;;;;;;;;;;;;;;;;;;;;
USLD;2021;060000551;USLD POLE SANTE VALLAURIS GOLFE JUAN;060781010;41;13846;30;11;0;0;0;25;0;1;0;1;0;0;0;0;1;0;0;0;0;0;12;2;0
USLD;2021;060002102;CH LA PALMOSA DE MENTON;060791761;30;9788;65;14;2;;;;;;0;;0;;;;;;;;;;4;;
USLD;2021;060019213;USLD DOLCE FARNIENTE;060005188;60;17390;47;25;2;2;7;7;;;9;9;1;1;;;28;0;0;1;0;0;3;14;
USLD;2021;060023702;USLD CH ANTIBES JUAN LES PINS;060780954;0;3470;6;9;0;;1;;0;;2;;0;;0;;3;0;0;0;7;0;11;;
USLD;2021;060788957;CHU DE NICE HOPITAL DE CIMIEZ;060785011;61;13348;21;15;;;;;;;;;;;;;;21;;;;;4;3;1
USLD;2021;060790177;CHU DE NICE CTRE CONVALESCENCE TENDE;060785011;40;14290;5;5;;;;;;;;;;;;;;5;;;;;1;;
USLD;2021;060791811;HOPITAL PRIVE GERIATRIQUE LES SOURCES;060010808;75;24358;49;32;;;;4;11;6;6;6;;;;23;;;;;;;6;;
USLD;2021;060794021;CH DE CANNES CENTRE DE MOYEN SEJOUR;060780988;54;19136;20;12;1;;1;;3;;12;;1;;;;2;20;10;;;;2;;1
USLD;2021;070000047;CH DE VILLENEUVE DE BERG;070780127;75;21336;67;26;;;2;;;;13;15;;;9;6;;0;0;60;8;0;7;4;6
USLD;2021;070784517;LONG SEJOUR CH DE PRIVAS;070002878;55;19987;48;39;;;12;2;;;30;;;1;;;3;;;;;;6;4;
USLD;2021;080000110;CENTRE HOSPITALIER DE SEDAN;080011174;43;9973;43;24;;;;1;13;2;17;;;;;;10;;;;2;;2;;2
USLD;2021;080000276;CENTRE HOSPITALIER DE VOUZIERS;080001969;20;5683;18;14;0;;2;1;0;;10;;0;;0;;0;;;;;;;;
USLD;2021;080005960;USLD SITE CENTRE DE SANTE;080011174;65;19438;29;21;;;;;4;;8;9;;;;;8;;;;3;;;;
USLD;2021;090003823;USLD ST LIZIER CH ARIEGE COUSERANS;090781816;20;6620;14;13;0;;2;;0;;11;;0;;0;;1;;;;;;0;;
USLD;2021;100000116;CENTRE HOSPITALIER DE BAR SUR AUBE;100000041;30;10528;23;14;;;7;1;;;9;;;;;;6;;;;;;;;
USLD;2021;100000140;CENTRE HOSPITALIER DE BAR-SUR-SEINE;100000058;30;10621;15;8;;;;;;;;;;;;;;;;;;;;;
USLD;2021;100000801;HOPITAL LOCAL DE NOGENT-SUR-SEINE;100006279;40;7622;30;20;0;0;13;9;1;0;4;0;0;0;0;0;3;;;;;;0;0;0
USLD;2021;100006493;SECTION MOYEN SEJOUR - CH DE TROYES;100000017;70;17818;46;45;;;33;;;;11;;;;;;2;;;;;;2;1;
USLD;2021;110000049;CH JEAN PIERRE CASSABEL;110780087;30;10716;19;30;;;;;;;;;;;;;;;;;;;;;
USLD;2021;110000247;CH LEZIGNAN CORBIERES;110780772;30;10942;17;12;;;;;;;1;1;;;;;15;;;;;;;;
USLD;2021;110006137;USLD LES RIVES D'ODE;110780061;30;9779;18;12;;;2;;;;;3;;;;;13;;;;;;9;;
USLD;2021;110781283;USLD PECH D'ALCY CH NARBONNE LA COUPE;110780137;90;32850;61;48;;;11;;13;2;;;;;;7;28;0;0;0;0;0;3;0;0
USLD;2021;110786746;SSR LIMOUX ARAGOU LES TILLEULS;110786324;30;10249;10;6;;;;;;;10;;;;;;;;;9;;;;1;
USLD;2021;120000070;CH PIERRE DELPECH DECAZEVILLE;120780085;30;9069;24;17;0;0;2;3;;0;14;1;0;0;0;;4;;;;;;2;1;
USLD;2021;120000088;CH ETIENNE RIVIE ST GENIEZ D'OLT;120780093;30;9942;9;9;;;4;;;;5;;;;;;;;;;;;;;
USLD;2021;120000153;CH MAURICE FENAILLE SEVERAC LE CHATEAU;120780291;40;14189;28;13;;;;;;;;;;;;;;;;;;;;;
USLD;2021;120004668;CH EMILE BOREL ST AFFRIQUE;120004619;40;13395;24;18;0;0;0;0;3;0;12;2;0;0;0;0;7;0;0;1;0;0;2;0;3
USLD;2021;120782263;USLD CH VILLEFRANCHE SITE RULHE;120780069;60;25488;70;69;;;15;2;15;;5;1;;2;;;30;;;;;;8;7;
USLD;2021;120783097;USLD CH MILLAU;120004528;50;15518;23;30;;;4;1;;;13;;;;;;4;;;;;;1;;
USLD;2021;120786959;USLD OLEMPS CH RODEZ;120780044;30;7397;32;24;;;11;3;;;12;4;;1;;;1;;;;;;2;;
USLD;2021;130000516;CH LOUIS BRUNET D'ALLAUCH;130781339;56;16450;31;30;;;10;8;;;7;1;;;;;5;;;;;;;;
USLD;2021;130000565;CENTRE HOSPITALIER GENERAL D'AUBAGNE;130781446;30;9777;13;7;;;2;2;;;7;;;;;;2;;;9;6;;;;
USLD;2021;130001225;HOPITAL DU PAYS SALONAIS;130782634;33;11584;28;19;0;0;0;0;2;;13;2;0;0;;;10;0;0;7;8;0;2;1;0
USLD;2021;130001258;HOPITAUX PORTES DE CAMARGUE TARASCON;130028228;30;8568;20;17;;;;3;;;12;1;;;;;4;;;;;;0;0;0
USLD;2021;130032758;CLINIQUE DE LA POINTE ROUGE USLD;130001514;80;28966;44;27;;2;;2;;5;;15;;;;;20;;;20;1;1;2;;
USLD;2021;130782097;CENTRE DE SIBOURG;130000938;19;6919;8;7;;;;;;;8;;;;;;;;;;;;;;
USLD;2021;130789159;CENTRE CARDIO VASCULAIRE VALMANTE;920030269;30;3091;13;;;;;;;;;;;;;;;;;;;;;;
USLD;2021;130790157;CH DE MARTIGUES HOPITAL DU VALLON;130789316;30;9253;22;14;;;11;2;;;12;2;;;;;19;;;;;;;;
USLD;2021;130798358;USLD DUQUESNE SITE AIX;130041916;70;18781;36;22;;;15;5;;;;15;;;;;1;;;;;;;8;2
USLD;2021;130808843;USLD MARCEL PAGNOL;920030152;30;5619;19;9;5;;6;;;;3;;;;;;3;;;;;;2;;
USLD;2021;130809015;CENTRE GERONTOLOGIQUE DEPARTEMENTAL;130001928;150;49218;85;57;;9;2;4;16;9;8;15;;1;;;;;;;;;17;;
USLD;2021;130811102;LA MAISON;130007487;5;880;45;7;;;;;;;;;;;;;;;;;360;;;;
USLD;2021;140000027;CENTRE HOSPITALIER DE LISIEUX;140000035;40;9441;24;24;1;;5;2;8;;4;3;;;;;1;0;0;0;;0;1;;
USLD;2021;140000241;CH COTE FLEURIE - SITE D'EQUEMAUVILLE;140026279;30;10382;33;36;;;;;;;;;;;;;;;;;;;;;
USLD;2021;140000373;CENTRE HOSPITALIER DE VIRE;140000159;30;10493;23;21;0;0;3;4;3;;1;;;;1;;11;;;;;;2;1;0
USLD;2021;140012196;UNITE SOINS LONGUE DUREE - CHU CAEN;140000100;100;30600;76;60;;;20;22;;;4;4;2;0;;1;35;;3;;6;;12;1;
USLD;2021;140013830;UNITE SOINS LONGUE DUREE - CH FALAISE;140000118;60;21960;39;30;;;3;4;11;;12;1;;;;;8;;;;24;;3;;
USLD;2021;140017401;UNITE SOINS LONGUE DUREE - CH BAYEUX;140000092;50;16359;33;29;;;7;3;;;7;;;;;;16;;;18;20;;2;1;0
USLD;2021;150000032;CH DE SAINT-FLOUR;150780088;37;12246;12;6;;;2;;;;;7;;;;;2;0;0;8;0;0;0;0;0
USLD;2021;150000040;CH HENRI MONDOR;150780096;48;17896;49;20;;;6;;;;18;;0;;;;;;14;6;15;;3;2;
USLD;2021;150000164;CH DE MAURIAC;150780468;23;5957;16;;;;;;;;;;;;;;;;0;;;0;;;
USLD;2021;150000180;CH DE MURAT;150780500;30;8282;35;22;;;13;1;;;13;;;;;;8;;;;;;;;
USLD;2021;150002921;USLD UNITE PARKINSON D'YDES;150780468;12;2392;35;1;;;;;;;;;;;;;;;;;;;;;
USLD;2021;160000188;CH DE LA ROCHEFOUCAULD;160000121;53;17179;40;28;;;;;;;;;;;;;;;;;;;;;
USLD;2021;160000253;CENTRE HOSPITALIER D'ANGOULEME;160000451;30;10348;31;23;;;9;1;10;;1;1;;;9;;;;;;;;5;;
USLD;2021;160000261;CHI DU PAYS DE COGNAC - SSR;160014411;37;11746;24;30;1;;7;;;;14;;;;;;2;24;;;3;1;2;;
USLD;2021;160000303;CH HOPITAUX SUD-CHARENTE;160006037;80;28492;37;32;;;;;;;13;;;;;;4;;;;;;1;;
USLD;2021;160000311;CENTRE HOSPITALIER CONFOLENS;160000485;30;9506;19;19;;;8;1;;;4;3;;;;;3;;14;;4;;2;;
USLD;2021;160000360;CH DE CHATEAUNEUF;160014411;65;23725;32;51;;;2;6;;;9;2;;;;;3;0;0;0;0;0;;;
USLD;2021;170000152;CENTRE HOSPITALIER ROCHEFORT;170780225;50;13961;18;19;;;5;;;;11;1;;1;1;;;;;;;;;;
USLD;2021;170784110;SSR CH LA ROCHELLE;170024194;92;32458;42;40;;;5;;4;;24;;2;;;;2;;14;4;;;1;;
USLD;2021;170792220;CH SAINTONGE - SSR;170780175;45;13746;35;34;1;;24;18;;;;8;2;;;;25;;;;;;;;
USLD;2021;170802789;USLD - CH ROYAN;170780191;50;17995;29;28;1;;2;;;;17;;;;;;9;;;;;;;;
USLD;2021;180000176;CH GEORGE SAND BOURGES;180001158;40;13626;6;6;;;;1;;1;;2;1;;;;1;;;28;2;;1;1;
USLD;2021;180000200;CH DE VIERZON;180000051;46;16507;16;12;62;;33;78;0;0;33;511;0;;0;;;0;419;;0;0;106;;5
USLD;2021;180000333;CH SANCERRE;180000093;30;8121;32;29;;;;;;;13;;;;;;;;;;;;7;;
USLD;2021;180003287;CH DE BOURGES SITE TAILLEGRAIN;180000028;60;20862;45;36;;;9;;;;23;;;;;;13;;;;3;;11;;
USLD;2021;180003386;CH ST AMAND-MONTROND SITE CROIX DUCHET;180000069;41;12230;28;17;;;1;1;16;;7;1;;;;;2;;;;;;;1;7
USLD;2021;180007825;USLD DU CH GEORGE SAND SITE DE DUN SUR AURON;180001158;60;17593;4;11;;;;;;;;;2;;;;2;;;27;6;;1;;
USLD;2021;190000018;CENTRE HOSPITALIER DUBOIS BRIVE;190000042;22;7530;36;14;0;0;1;0;8;0;25;0;0;0;0;0;3;0;11;0;0;1;18;2;0
USLD;2021;190000034;HOPITAL LOCAL DE BORT LES ORGUES;190000067;30;9995;16;11;;;6;;;;1;2;1;;;;5;;;5;;;;;4
USLD;2021;190000091;CENTRE HOSPITALIER D'USSEL;190000075;30;10479;15;9;;;;;;;;;;;;;;;;;;;;;
USLD;2021;190002493;CONVALESCENCE CURE READAPT. DU CHANDOU;190000059;53;19398;34;20;;;;;;;;;;;;;;;;;;;;;
USLD;2021;190005140;USLD UZERCHE;190002485;30;10985;17;12;;;;3;;3;;5;;;;;6;17;;2;;;4;0;0
USLD;2021;190005165;USLD CORNIL;190002519;71;23244;47;30;;;;;;;;;;;;;;;;;;;;;
USLD;2021;210986089;CTRE HOSPITALIER REG UNIVERSITAIRE DIJ;210780581;38;12977;22;22;;;;;2;;11;1;;;;;1;;;;;;2;;
USLD;2021;210987574;CH ARNAY LE DUC;210012175;30;9450;12;10;;;4;;;;;1;;;;;7;;;;;;7;1;
USLD;2021;210987616;CH SEURRE;210012175;30;7315;6;11;;;3;;;;;;;;;;3;;;;;;1;;
USLD;2021;210987673;CH HCO SITE DE MONTBARD;210012142;30;11140;8;5;;;2;;;;4;;;;;;2;;0;;4;;;;
USLD;2021;210987939;USLD CH LA CHARTREUSE DIJON;210780607;42;15185;10;4;;;;;;;;;;;;;;;;;;;;;
USLD;2021;220000095;CTRE HOSPITALIER DINAN;220000046;60;20320;29;31;;;10;1;2;;1;1;;;;;;;;;;;;;
USLD;2021;220000343;CENTRE HOSPITALIER GUINGAMP;220000079;30;10576;22;14;;;6;3;1;;7;;;;;;5;;;;;;3;;
USLD;2021;220000368;CENTRE HOSPITALIER LANNION;220000103;30;10214;18;17;;;8;;;;4;;;;;;6;;;;4;;1;;
USLD;2021;220000566;CHPP SITE LAMBALLE;220021968;30;10233;49;24;0;0;38;0;0;0;3;0;0;0;0;0;8;0;0;1;3;0;10;3;0
USLD;2021;220001259;CENTRE HOSPITALIER TREGUIER;220005045;60;21900;41;47;;;;;5;11;12;1;;;;;12;;;;;;3;;
USLD;2021;220014138;CENTRE LONG SEJOUR ROSTRENEN;220017974;30;10675;11;9;;;;;;;3;2;;;5;1;;;;;;;;;
USLD;2021;230000259;USLD - CH GUERET;230780041;50;17109;36;26;;;8;4;;;8;4;2;;;;7;0;0;6;20;0;2;3;
USLD;2021;230000838;CENTRE HOSPITALIER D'AUBUSSON;230780058;30;6319;16;13;;;;;;;;;;;;;;;;;;;1;;0
USLD;2021;230000846;C H BERNARD DESPLAS BOURGANEUF;230780066;30;7378;23;9;0;0;3;5;0;0;5;0;0;1;0;0;9;0;0;0;0;0;7;0;0
USLD;2021;230000952;CTRE HOSPITALIER MOYEN SEJOUR EVAUX;230780512;30;8076;46;11;;;;;;;;;;;;;;;;;;;;;
USLD;2021;230000960;CTRE HOSPITAL MOYEN SEJOUR SOUTERRAINE;230780520;30;10943;6;8;;;;;;;5;1;;;;;;;;;;;1;;
USLD;2021;240000372;C.H DE BERGERAC;240000059;50;16074;35;34;0;;2;;3;;10;;0;;0;;2;0;0;0;0;0;0;0;0
USLD;2021;240000471;CENTRE HOSPITALIER DE NONTRON;240000109;30;10797;9;11;;;1;;;1;5;;;;;;2;;;2;;;;;
USLD;2021;240000489;CENTRE HOSPITALIER DE PERIGUEUX;240000117;60;21784;34;24;;;10;3;;;1;10;;;;;6;;0;;0;;4;;
USLD;2021;240000505;CENTRE HOSPITALIER DE RIBERAC;240016055;60;18500;23;25;;;4;7;;;7;;;;;;5;;;;;;7;;
USLD;2021;240000687;CENTRE HOSPITALIER SARLAT;240000448;40;14222;17;12;0;0;0;0;3;0;4;0;0;0;0;0;10;;;;;;;;
USLD;2021;250000627;CH PAUL NAPPEZ MORTEAU;250000221;30;9450;28;13;;;2;;;;9;4;;;;;13;0;2;2;6;0;5;;
USLD;2021;250000635;CH SAINTE CROIX BAUME LES DAMES;250000239;20;6986;23;13;0;0;5;0;0;0;7;0;0;0;0;0;11;;;;;;8;0;0
USLD;2021;250000882;ETABLISSEMENT DE SANTE DE QUINGEY;250002839;30;9324;23;12;;1;;;;16;;1;;;;;2;;;;;;1;1;1
USLD;2021;250001237;USLD BELLEVAUX;250007598;60;20884;41;30;0;0;0;5;0;0;0;11;0;4;0;0;13;;;;;;7;0;0
USLD;2021;250001252;USLD JACQUES WEINMAN AVANNE;250007788;91;32338;21;27;0;0;0;7;0;3;0;12;0;1;0;0;3;0;0;7;2;0;0;1;0
USLD;2021;250004009;LE MITTAN ANNEXE DU HNFC;900000365;30;10748;15;15;0;;1;;0;;12;;0;;0;;2;0;0;0;0;0;1;0;2
USLD;2021;250007234;USLD PONTARLIER;250000452;30;10364;12;6;;;;;;12;;;;;;;;;;;;;1;;
USLD;2021;260000013;CH DE VALENCE;260000021;74;23962;57;49;;;;;;;;;;;;;;;;;;;;;
USLD;2021;260000138;CH PORTES PROVENCE MONTELIMAR;260000047;40;14600;21;13;;;4;;;;7;;;;;;10;;;;;;2;;
USLD;2021;260000195;CLINIQUE PNEUMOLOGIE LES RIEUX;010783009;58;19303;36;32;;;;;;;12;12;;;;;12;;;;;;;;
USLD;2021;260000823;CH DROME-VIVARAIS - SITE DE MONTELEGER;260003264;33;10348;6;3;;;;;;;;;6;;;;;;;;;;3;;
USLD;2021;270000367;CH GISORS;270000086;55;19004;40;23;0;0;2;;1;;13;1;0;0;0;0;17;3;;;;;2;0;1
USLD;2021;270000425;CH PONT-AUDEMER;270000102;37;12374;18;18;;;;;;;9;1;;;;;8;;;;;13;1;;
USLD;2021;270000441;CH VERNEUIL-SUR-AVRE;270000110;50;14560;38;26;;;2;2;;;13;5;;1;1;;14;;;;;;8;;
USLD;2021;270000516;HL LE NEUBOURG;270000177;30;9903;27;18;;;;;;16;2;5;;;;;4;0;0;0;1;0;0;0;0
USLD;2021;270026107;USLD CH EURE SEINE;270023724;30;9553;28;11;;;4;;;;4;;;;;;10;;;;1;;12;2;2
USLD;2021;280000050;CH BONNEVAL;280000142;50;17944;9;7;0;0;0;0;0;0;0;0;7;0;0;0;2;0;0;0;0;0;0;0;0
USLD;2021;280000084;CH DREUX;280000183;92;29710;33;25;;;3;;;;10;;;;;;20;;;;;;;;
USLD;2021;280000100;CH DE LA LOUPE;280000225;36;11374;17;13;;;8;3;;;7;;;;;;16;;;;;;1;5;
USLD;2021;280000662;CH CHATEAUDUN;280500075;40;13912;21;11;0;0;1;1;3;0;24;0;0;0;0;0;14;0;0;3;0;0;6;3;0
USLD;2021;290000033;C.H. DES PAYS DE MORLAIX;290021542;10;2882;11;7;;;;;2;1;1;;0;;;;7;18;;;4;;2;1;
USLD;2021;290000066;CHIC SITE DE CONCARNEAU;290020700;34;11745;33;33;;;7;1;;;;14;2;;;;9;;;;;;;;
USLD;2021;290000256;CHRU BREST SITE HOPITAL DE CARHAIX;290000017;34;9963;57;43;0;0;17;0;15;0;14;1;0;0;0;0;7;0;0;0;0;0;8;4;0
USLD;2021;290000553;CENTRE MEDICAL -LE GUERVENAN-;290021542;90;31586;23;20;;;;;8;;5;0;6;1;;;3;117;;60;18;;2;1;
USLD;2021;290000785;ETABLISSEMENT DE SOINS HOTEL DIEU;220020739;48;17239;15;18;0;0;4;0;0;0;8;1;0;0;0;0;2;0;0;10;3;0;0;0;0
USLD;2021;290008853;CTRE DE LONG SEJOUR - CH DOUARNENEZ;290000074;30;10045;16;11;0;0;2;0;0;0;11;0;0;0;3;0;0;0;0;0;0;0;1;0;0
USLD;2021;290014687;GHBS USLD BOIS JOLY;560005746;30;10276;19;17;;;;;;;;;;;;;;;;;;;;;
USLD;2021;290017946;CTRE LONG SEJOUR BOHARS - CHRU BREST;290000017;118;40962;63;96;0;0;12;5;0;1;14;5;2;0;0;0;7;;;41;9;0;2;0;0
USLD;2021;290024462;RESIDENCE KERFILY EPSM FINISTERE SUD;290000298;56;19246;7;4;;;;;;;;;7;;;;;;;59;;;1;;
USLD;2021;290025113;LONG SEJOUR TY CREAC'H - CHIC QUIMPER;290020700;30;11110;16;17;;;5;;;;;7;;;;;4;;;;;;;;1
USLD;2021;290025147;LONG SEJOUR TY GLAZIK - CHIC QUIMPER;290020700;30;11331;14;10;;;5;1;;;;4;;;;;4;;;2;;;3;;
USLD;2021;2A0000212;HOPITAL LOCAL DE BONIFACIO;2A0000170;30;9786;20;16;;;4;;2;;0;;;;;;;0;0;0;0;0;;;
USLD;2021;2A0002614;CENTRE HOSPITALIER DE SARTENE;2A0002606;30;7720;23;10;;;;;;;;;;;;;;;;;;;;;
USLD;2021;2A0023271;USLD D' AJACCIO;2A0000014;70;19423;42;39;0;;10;2;3;2;13;;0;;0;;10;0;0;;;0;8;3;0
USLD;2021;2B0000038;CH CORTE;2B0004246;10;1801;10;9;;;2;;;;2;;;;2;;4;;;;;;1;1;
USLD;2021;2B0004089;USLD CENTRE HOSPITALIER BASTIA;2B0000020;30;10950;19;10;0;0;0;0;0;0;0;0;0;0;0;0;0;0;0;0;0;0;0;0;0
USLD;2021;2B0005359;CH CALVI;2B0005342;20;6483;17;10;;;;;;;;;;;;;;;;;;;;;
USLD;2021;300000031;CH LOUIS PASTEUR;300780053;30;9337;16;10;0;0;6;0;0;0;0;2;0;0;0;0;8;0;0;0;0;0;1;0;0
USLD;2021;300000064;CH UZES;300780087;30;10723;13;8;;;5;2;;;2;1;;;;;3;0;0;0;0;0;2;1;0
USLD;2021;300000072;CH LE VIGAN;300780095;30;11285;17;16;;;6;;;;3;1;;;;;7;;;;8;;3;1;
USLD;2021;300012481;USLD LES CIGALES CH ALES;300780046;27;9063;14;0;;;;;;;;;;;;;;;;;;;;;
USLD;2021;300012499;USLD LA ROSE DES VENTS CH ALES;300780046;63;20959;43;7;;;;;;;;;;;;;;;;;;;;;
USLD;2021;300782125;CENTRE DE SOINS PA SERRE CAVALIER;300780038;190;45238;117;;;;;;;;;;;;;;;;;;;;;;
USLD;2021;310000310;CH COMMINGES PYRENEES SITE ST PLANCARD;310780671;60;15889;31;39;;;27;2;;1;;;;;;;1;;;;;;3;;
USLD;2021;310000336;CH REVEL;310780713;61;19903;38;21;;;;;;;;;;;;;;;;;;;;;
USLD;2021;310013628;CH MURET;310786256;53;17218;34;17;;;1;5;;;10;9;;;;;2;;;;6;;0;;
USLD;2021;310021571;CENTRE GERIATRIQUE DES MINIMES;310021563;58;20280;12;11;0;;0;;2;;7;2;0;1;0;0;0;0;0;1;0;0;1;0;0
USLD;2021;310022298;HOPITAL GARONNE CHU TOULOUSE;310781406;60;20736;38;33;;;;;12;;24;;;;;;2;;;;;;6;0;0
USLD;2021;310786702;SSR DOMAINE DE LA CADENE;750043713;76;26159;26;22;;;;12;;;10;;;;;;4;;;;;;3;;
USLD;2021;310794094;USLD LES JARDINS DES SILOS;310780754;80;27225;47;6;;;;19;;;;;7;;;;3;;;;;;;;
USLD;2021;320000086;CH AUCH EN GASCOGNE;320780117;70;21341;53;33;0;0;2;2;35;0;0;2;0;0;0;12;10;0;0;0;0;0;0;0;0
USLD;2021;320000102;CH CONDOM;320780133;35;10689;16;18;;;3;2;;;8;;;;;;;0;0;0;0;0;3;1;
USLD;2021;320000128;CH GIMONT;320780158;30;9427;28;31;;;;;;;11;9;;;8;;;;;;;;;;
USLD;2021;320000144;CHI LOMBEZ SAMATAN;320780174;30;10404;19;13;0;0;4;0;0;0;13;0;0;0;0;0;2;0;0;3;0;0;3;1;0
USLD;2021;320000177;CH NOGARO;320780208;30;9804;23;19;;;8;5;;;3;;;;;;7;;;;23;;1;;
USLD;2021;330000571;CH DE LA HAUTE GIRONDE;330781220;20;6437;16;15;;;5;;;;4;;;;7;;;;;;;;;;
USLD;2021;330000613;CENTRE HOSPITALIER STE FOY LA GRANDE;330781261;60;20247;31;20;;;1;1;;;9;13;;4;;;3;;;;;;3;2;
USLD;2021;330005182;USLD DU CENTRE DE SOINS PODENSAC;330792862;50;18038;29;20;;;;6;;;;3;;2;;;10;;;;2;;8;;
USLD;2021;330781337;HOPITAL XAVIER ARNOZAN - CHU;330781196;120;36900;76;34;;;;;;;;;;;;;;;;;;;;;
USLD;2021;330791641;EHPAD - USLD LES ARBOUSIERS;330056540;80;27596;72;57;;;;27;;16;;7;;1;;;21;;;;;;2;;
USLD;2021;340000033;CH BEZIERS;340780055;143;45097;79;62;1;;10;;4;;28;;1;;1;;24;;;;;36;;;
USLD;2021;340000215;CH LODEVE;340780519;28;9887;9;4;;;11;3;;;6;;;;16;;;;;;;;;5;3
USLD;2021;340000231;CH POLE DE SANTE DE LUNEL;340780535;49;14600;43;33;0;;10;5;0;;3;6;0;;0;;19;0;0;0;1;0;2;0;0
USLD;2021;340008275;CENTRE ANTONIN BALMES CHU MONTPELLIER;340780477;28;9573;13;16;;;;1;5;;4;1;;;;;;;;;3;;2;;
USLD;2021;340024512;SSR LES JARDINS DE SOPHIA;340001825;80;24458;34;19;;0;;0;;2;;1;;2;;3;26;;;;;;5;2;6
USLD;2021;340780436;HOPITAL ST LOUP HBT AGDE;340011295;35;12775;39;27;;;28;;;;4;;;;;;4;;;;;;6;16;
USLD;2021;340780444;CH BEDARIEUX;340009893;30;10499;21;8;0;0;0;0;0;0;9;4;0;0;0;0;8;;;;;;;;
USLD;2021;340782481;CENTRE BELLEVUE CHU MONTPELLIER;340780477;112;32085;48;38;;;6;3;9;;15;3;;;;;12;;;;4;;9;;
USLD;2021;340796051;USLD LES PERGOLINES HBT SETE;340011295;55;18048;54;24;;;24;;;;8;;;;;;17;;;;16;;5;10;
USLD;2021;350000154;C.H FOUGERES;350000030;49;14132;36;37;0;;16;;5;;9;;0;;0;;6;;;;;;0;;0
USLD;2021;350000162;CHIRC SITE REDON;350000048;30;10384;23;19;;;8;1;;;6;;;;;;8;;;;6;;2;;1
USLD;2021;350000436;CENTRE HOSPITALIER MONTFORT-SUR-MEU;350002317;30;9395;31;29;;;13;13;3;;;;;;;;2;;;;;;1;;
USLD;2021;350002911;MRC ST THOMAS VILLENEUVE BAGUER;220020739;30;10527;30;28;;;;;;;;;;;;;;0;0;0;0;0;;;
USLD;2021;350005021;POLE GERIATRIQUE RENNAIS;440042844;60;19492;74;66;;;;;28;12;;;;;;;17;;;;;;3;2;
USLD;2021;350006771;CHRU RENNES SITE LA TAUVRAIS;350005179;120;30111;77;64;1;;59;5;;;7;1;;;;;3;0;0;0;12;0;;;
USLD;2021;350013629;USLD LA BRIANTAIS CH ST MALO;350000022;83;27683;59;54;;;20;2;22;;5;3;1;;;;4;;;;;;;;
USLD;2021;350016135;SERVICE DE S.S.R. - CH VITRÉ;350000055;53;17114;30;28;;;1;;;;12;;;;3;1;;;;;;;56;;
USLD;2021;350032280;RESIDENCE DU TERTRE DE JOUE;350000246;80;27669;50;28;3;;;3;;;;;;21;;;13;;1;;;;2;1;1
USLD;2021;360000160;CH DU BLANC;360000053;30;9453;27;13;;;5;1;1;1;9;1;;;;;9;;;1;;;4;;
USLD;2021;360000202;CH CHATILLON SUR INDRE;360000103;31;8194;27;14;;;;17;;;28;1;;;3;3;;;;1;1;;4;;
USLD;2021;360004618;CH ISSOUDUN - SITE LES ARCADES;360000046;30;8707;15;11;;;3;;2;;6;;;;;;;;;;1;;3;2;
USLD;2021;360006688;CTRE DEPT GERIATRIQUE LES GRANDS CHENE;360000392;81;22519;71;39;;;;;;;;;;;;;;;;;;;9;;
USLD;2021;370000531;CH DU CHINONAIS;370000606;124;43723;47;44;;;;;3;;35;3;;;;;6;;;;;;3;;
USLD;2021;370102659;SERVICE USLD PSY BATIMENT LE CEDRE;370013054;80;29066;11;5;;;;;;;;;;8;;;3;;;;1;;2;;
USLD;2021;380000026;CH FABRICE MARCHIOL LA MURE;380780031;30;10980;20;21;;;3;2;;;6;;;;;;7;;;;;;;;
USLD;2021;380000075;CH DE TULLINS SITE PERRET;380780098;45;15307;32;23;;;;5;;;7;2;;;;;18;;;;;;;;
USLD;2021;380000109;CH DE SAINT LAURENT DU PONT;380780213;76;23835;43;38;;;1;26;;;4;2;;;;;10;;;;;;5;;
USLD;2021;380000356;CH DE LA TOUR DU PIN;380782698;70;24468;60;41;;;;17;;13;;13;;;;;17;;;;;;4;1;
USLD;2021;380020388;MEDECINE POLYVALENTE COUBLEVIE - CHU38;380780080;30;10517;27;23;;;8;;;;1;;;;;;6;;;;;;1;;6
USLD;2021;380782722;HOPITAL SUD - CHU38;380780080;165;41245;56;61;;;16;3;2;;11;5;;;;;10;;;;;;8;;
USLD;2021;380785840;USLD JEAN MOULIN DU CH DE BOURGOIN;380780049;38;12491;27;28;;;8;7;;2;;;;;;;10;;;;;;;;
USLD;2021;380798520;USLD DELPHINE NEYRET CH BOURGOIN;380780049;47;15874;29;24;;;11;2;;;;1;;;;;15;;;;;;;;
USLD;2021;380802512;USLD M.PHILIBERT SAINT MARTIN D'HERES;380793265;45;14492;20;14;;;;12;;;;4;;;;4;;1;;;2;;;;2
USLD;2021;390000040;CH LONS;390780146;81;26980;40;31;1;;1;;5;;24;;0;;0;;9;;;;;;;;
USLD;2021;390000065;CH LOUIS JAILLON SAINT CLAUDE;390780161;30;9864;18;15;;;2;;5;;7;3;;;;;1;;;;;;;;
USLD;2021;390784833;EHPAD USLD ARMAND TRUCHOT CH DOLE;390780609;32;11406;25;22;;;7;;;;17;;;;;;1;;;;8;;2;;
USLD;2021;400000147;CENTRE HOSPITALIER DE SAINT SEVER;400780268;40;14178;44;17;;;;;;;44;;;;;;;;;;;;2;;2
USLD;2021;400000261;INSTITUT HÉLIO- MARIN LABENNE;400780458;150;53808;71;49;;;;8;;;44;;;;;;19;;;;62;4;11;;
USLD;2021;400006607;USLD DE MORCENX;400011177;30;10671;30;27;;;;5;;7;;2;;;;;16;;;;2;;1;2;
USLD;2021;400780250;CENTRE DE NOUVIELLE - SSR-MPR;400011177;80;26368;89;57;1;;24;;11;;34;1;1;;;;6;;;;;;12;2;
USLD;2021;400781043;USLD LE LANOT CH DE DAX;400780193;100;28098;94;69;0;0;56;0;19;0;74;0;2;0;0;0;8;3;1;3;2;0;15;1;0
USLD;2021;410000020;CH BLOIS SIMONE VEIL;410000087;100;33214;91;69;;;40;;;;14;;1;;;;36;;;;;;;;
USLD;2021;410000046;CH ROMORANTIN-LANTHENAY;410000103;60;21213;30;17;10;;1;1;;;;1;;;;;6;;;;;;;;
USLD;2021;420000234;CH DE FIRMINY;420780652;90;27741;66;42;;;30;1;;;28;;;;;;7;;;;;;13;;
USLD;2021;420000275;CH DE SAINT BONNET LE CHATEAU;420780694;30;10205;19;9;;;;;;;;15;;;;;4;;;;;;;;
USLD;2021;420780546;USLD SAINTE ELISABETH;420000168;30;9983;12;8;;;;1;;2;;2;;;;;7;;;;;;;;
USLD;2021;420782559;HOPITAL DE BELLEVUE - CHU42;420784878;160;56898;143;110;;;43;13;;;78;1;;;;;8;;;;16;;13;12;
USLD;2021;420784845;ANNEXE BONVERT CH ROANNE;420780033;90;32850;100;53;;;;;;;;;;;;;;;;;;;;;
USLD;2021;420789067;USLD CH MAURICE ANDRÉ;420780710;50;17660;34;22;;;;8;;2;;10;;;;;14;;;;;;4;;
USLD;2021;430000117;CH EMILE ROUX LE PUY;430000018;41;13964;30;21;;;17;;4;;5;1;;;;;3;;;;;;;;
USLD;2021;430000190;CH DE BRIOUDE;430000034;20;6600;33;26;;;6;;10;;16;;;;;;1;;;;;;1;;
USLD;2021;430000307;CH PIERRE GALLICE DE LANGEAC;430000067;40;12706;18;13;;;1;5;;;;2;;;;;6;;;;;;;;
USLD;2021;430000356;CH D' YSSINGEAUX;430000091;30;10393;20;14;;;;;;;;;;;;;;;;;;;;;
USLD;2021;430007419;SERVICE DE LONG SEJOUR;630786754;40;12017;24;10;;;;1;;;;9;6;;;;3;;;19;;;3;;
USLD;2021;440000180;CHS BLAIN;440000263;30;10520;6;8;;;;;;;;1;2;2;;;1;;;;;;;;
USLD;2021;440000396;CH ERDRE ET LOIRE;440053643;30;9958;39;31;;;;;24;2;9;2;;;;;4;;;;6;;5;;
USLD;2021;440000503;CH CNP SITE CHATEAUBRIANT;440000313;30;9811;13;13;;;5;;;;7;;;;6;;;0;0;0;0;0;1;1;0
USLD;2021;440000552;HIC SEVRE ET LOIRE-LE LOROUX BOTTEREAU;440042141;28;7450;17;13;;;;4;;;7;1;;;2;1;2;;;;;;;;
USLD;2021;440000644;CH BEL AIR;440000347;30;10309;15;14;;;;5;;;4;;;2;;;4;;;;;;;;
USLD;2021;440000883;HIC SEVRE ET LOIRE - VERTOU;440042141;27;9125;18;14;;;;6;;;3;5;;;1;1;2;;;;;;;;
USLD;2021;440001253;HIC DE LA PRESQU'ILE-SITE DE GUERANDE;440028538;42;14890;27;15;;;4;1;;;7;;;;;;15;;;;;;8;;
USLD;2021;440001295;CH DE SAVENAY;440000859;39;12717;26;24;;1;;9;;;6;6;;;;;4;;;;;;3;;
USLD;2021;440001964;CH PIERRE DELAROCHE;440003267;30;9708;15;9;;;;2;;;8;2;;;;;3;;;;;;1;13;
USLD;2021;440002939;USLD CHEVEUX BLANCS;440018620;37;13189;28;25;;;;;;13;;3;;;;;6;;;;;;0;;
USLD;2021;440007607;CH ST NAZAIRE - HEINLEX;440000057;74;25012;54;43;2;;11;1;9;;12;6;2;;1;;10;0;3;0;2;0;2;0;0
USLD;2021;440021202;USLD CH LVO MACHECOUL;850009010;30;8453;29;21;2;0;6;1;4;0;10;0;0;0;0;0;7;;;;;;5;0;0
USLD;2021;440032399;USLD HIC PAYS DE RETZ;440041531;28;10220;21;15;;;;;;;;;;;;;;;;;;;;;
USLD;2021;440050458;SSR BEAUSEJOUR CHU NANTES;440000289;10;1380;2;0;;;;;;;;;;;;;;;;;;;;;
USLD;2021;440050466;SSR PIRMIL CHU NANTES;440000289;158;36025;81;57;;;;;;;78;;;;;;3;;;;;;;;
USLD;2021;450000062;CH AGGLOMERATION MONTARGOISE;450000104;50;13668;47;25;3;;6;;6;;3;3;;;;;4;;;;7;;19;;
USLD;2021;450000070;CH PITHIVIERS;450000112;48;14871;23;29;;;;;;;4;;;;;;19;;;;;;;;
USLD;2021;450000336;CH SAINT JEAN DE BRIARE;450000179;40;13543;21;21;;;1;2;;;3;3;;;;1;11;;;;;;;;
USLD;2021;450010442;CHR D'ORLEANS - SITE SARAN;450000088;160;52616;102;84;;;;;8;1;19;27;;;;;40;;;;;;;;
USLD;2021;450019799;CHAM - SITE LA CERISAIE;450000104;32;11014;20;9;2;;3;;1;;4;;;;;;8;;;;9;;;;
USLD;2021;460000052;CH ST JACQUES ST CERE;460780091;50;17565;31;27;1;;15;3;;;6;1;;1;;;4;;;;13;;;;
USLD;2021;460785595;USLD CH CAHORS;460780216;60;15454;33;22;;;10;2;15;;;2;;2;;;2;;;;;;2;2;
USLD;2021;470000431;CH VILLENEUVE -POLE SANTE VILLENEUVOIS;470000324;41;14413;26;28;0;0;10;5;6;;2;1;;;;;1;0;0;0;4;0;0;0;0
USLD;2021;470000571;CENTRE HOSPITALIER DE FUMEL;470000407;30;10148;16;9;;;;;;;14;;;;;;2;;;;;;;;
USLD;2021;470008780;USLD DE POMPEYRIE CH AGEN NERAC;470016171;36;12912;27;26;;;2;;10;;7;;;;;;6;25;16;2;4;;1;;
USLD;2021;470012931;USLD ALZHEIMER CHIC TONNEINS;470001660;27;9500;9;8;;;1;;;;;;;;3;;;;;;;;5;;
USLD;2021;480000017;HOPITAL LOZERE SITE VALLEE DU LOT;480780097;30;7818;13;17;;;5;;;;4;;;;;;4;;;;9;;;;
USLD;2021;480000041;CH DE FLORAC TROIS RIVIERES;480780139;25;6685;21;13;;;;;;;;;;;;;;;;;;;;;
USLD;2021;480000074;CH LANGOGNE;480780162;30;8956;32;19;;;16;;;;;3;;;;;1;;;;;;3;;
USLD;2021;490000049;CHR ANGERS SITE LARREY;490000031;90;29654;46;37;0;0;30;0;5;0;35;0;0;0;0;0;0;0;0;0;0;0;0;0;0
USLD;2021;490000353;CH DE LONGUE JUMELLES;490000411;35;10248;14;12;;;;4;;;6;3;;;;1;;;;;;;2;5;2
USLD;2021;490000569;CH CNP SITE POUANCE;440000313;36;12479;21;15;2;;5;;;;37;;;;;;;0;0;3;8;0;;;
USLD;2021;490000635;CH DE CHOLET;490000676;34;12118;27;22;;;5;;6;;7;7;;;;;2;1;0;5;4;0;0;0;0
USLD;2021;490000650;CHI LYS HYROME-CHEMILLE;490007689;30;7540;24;19;0;0;0;0;0;0;0;0;0;0;0;0;0;0;0;0;0;0;11;0;0
USLD;2021;490531910;SSR LES CAPUCINS;490535093;60;20309;10;14;;;;1;;;2;4;;;;;2;;;;;;3;;
USLD;2021;500000021;CHAG - SITE AVRANCHES;500000054;70;24916;52;15;;;;;1;;1;;;;;;8;4;2;;;3;;;
USLD;2021;500000260;CHAG - SITE GRANVILLE;500000054;50;18086;54;12;;;2;;;;3;5;;;8;5;;;;;22;602;1;;
USLD;2021;500000450;CH MEMORIAL - SAINT-LO;500000112;35;12395;17;13;;;5;2;;;5;1;;;;;4;;;;;;4;;
USLD;2021;500000591;CENTRE HOSPITALIER DE COUTANCES;500000393;60;20578;27;17;;;9;1;;;2;1;;;;;14;;;;;;;;
USLD;2021;510000169;CENTRE HOSPITALIER DE CHALONS;510000037;30;8566;21;13;1;;;;3;;12;;;;;;3;;;7;11;;;;
USLD;2021;510000235;CENTRE HOSPITALIER D'EPERNAY;510000060;30;9501;27;20;0;0;2;1;3;;;3;0;0;0;0;18;0;;2;18;;8;;
USLD;2021;510000466;CENTRE HOSPITALIER DE SAINTE-MENEHOULD;510000102;30;7903;11;9;0;0;9;;;;3;;;;;;7;;;;;;;;
USLD;2021;510011679;RESIDENCE ROUX (USLD) CHU DE REIMS;510000029;120;37598;56;69;0;0;10;1;0;0;22;7;0;0;0;0;16;;;;20;;2;0;0
USLD;2021;510024466;CENTRE HOSPITALIER DE FISMES;510000128;30;7200;16;9;;;;2;;;5;5;;;;;4;0;0;0;2;0;0;0;0
USLD;2021;520000019;C H DE BOURBONNE-LES-BAINS;520780024;32;11231;21;18;;;11;2;;;;;;;;;8;;;;14;;1;4;
USLD;2021;520000076;CH DE LA HAUTE MARNE-HOP ANDRE BRETON;520780081;35;12399;16;11;;;;;;4;2;3;;;;;7;;;;1;;2;;
USLD;2021;520782939;USLD DU CH DE CHAUMONT;520780032;40;14277;17;13;0;0;2;0;1;0;11;0;0;0;0;0;3;0;0;0;5;0;0;0;0
USLD;2021;530000132;HOPITAL S.O. MAYENNAIS :SITE DE CRAON;530007202;30;8754;7;13;;;4;;;;2;;;;;;1;;;;13;;;;
USLD;2021;530000264;CENTRE HOSPITALIER DE LAVAL;530000371;55;19024;33;28;;;5;;9;;17;;;;;;2;;;;25;;2;;
USLD;2021;530031384;USLD JARDIN D'ARCADIE;530000074;47;13957;11;8;0;;3;;0;;5;;0;;0;;3;0;1;0;9;0;0;0;0
USLD;2021;530032788;USLD CH HAUT ANJOU;530000025;56;19574;23;19;;;2;;2;;5;;;;;;14;;0;;6;;3;;
USLD;2021;540000072;MAISON HOSPITALIERE DE BACCARAT;540014081;43;14340;55;47;;;31;6;;;;7;;;;;11;;;;;;5;;
USLD;2021;540000155;CENTRE HOSPITALIER DE LUNEVILLE;540000080;30;10306;26;18;;;2;6;;;4;5;;;;;9;;;;;;5;;
USLD;2021;540000312;CENTRE HOSPITALIER ST NICOLAS DE PORT;540000114;30;9066;28;14;;;;5;;2;10;2;;;;;;;;;;;;2;
USLD;2021;540000395;LES MAISONS HOSPITALIERES SITE NANCY;540000122;60;16977;26;25;0;0;0;2;11;0;10;0;0;0;0;0;3;;;;;;;;
USLD;2021;540000668;CTRE JACQUES PARISOT BAINVILLE S MADON;540006707;56;14921;34;20;;;;2;;1;;6;;0;;0;25;0;0;0;0;0;22;0;0
USLD;2021;540006459;CHRU NANCY - USLD ST JULIEN;540023264;34;8989;22;17;1;0;12;2;;;20;4;0;0;;;2;45;;;3;;2;;
USLD;2021;540006665;USLD BLAMONT CH 3H SANTE;540019007;31;8383;15;8;;;;;;;;4;;;;;11;;;;;;12;;
USLD;2021;540008364;USLD CH TOUL;540000049;36;13140;27;20;0;0;2;3;9;0;4;2;0;2;0;0;5;0;0;0;17;0;1;1;0
USLD;2021;540009859;USLD CH HOTEL DIEU MSM SOS SANTE;570010181;30;7597;12;13;0;0;7;1;0;0;2;1;0;0;0;;1;0;0;0;0;0;4;0;0
USLD;2021;540013232;CHRU NANCY - USLD ST STANISLAS;540023264;72;22795;39;29;1;;32;3;0;0;48;7;1;1;0;0;7;99;0;0;2;0;2;2;1
USLD;2021;550000038;CENTRE HOSPITALIER ST-CHARLES COMMERCY;550000046;32;8636;22;21;;;14;2;;;2;;;;;;4;;;;;;;;
USLD;2021;550000251;CHS DE FAINS-VEEL;550000095;30;10906;12;8;;;;;;;;;4;;;8;1;;;;2;;33;;
USLD;2021;550000434;CENTRE HOSPITALIER DE BAR-LE-DUC;550003354;30;9312;25;21;0;0;6;0;2;0;9;1;0;0;0;0;7;0;1;5;26;0;1;0;0
USLD;2021;550003370;USLD DU CH VERDUN/ST MIHIEL;550006795;48;8022;16;17;0;0;3;1;2;0;3;0;0;0;0;0;6;;;;;;0;0;0
USLD;2021;560000127;CHBA SITE DE VANNES;560023210;60;21607;32;15;0;0;2;0;2;0;22;1;0;1;0;0;5;;;;;;;;
USLD;2021;560000200;CHBA SITE D'AURAY;560023210;30;10748;25;16;0;0;6;0;0;0;14;0;0;0;0;0;5;;;;;;;;
USLD;2021;560000275;GHBS - HOPITAL DE KERLIVIO;560005746;45;15980;29;22;;;;;;;;;;;;;;;;;;;;;
USLD;2021;560000291;CENTRE HOSPITALIER DE BELLE ILE EN MER;560000085;15;4746;11;8;;;2;;;;2;;;;;;7;0;0;0;0;0;0;0;0
USLD;2021;560003980;GHBS - HOPITAL DE KERBERNES;560005746;40;12593;27;23;;;;;;;;;;;;;;;;;;;;;
USLD;2021;560010092;USLD UHR EPSM MORBIHAN;560002032;58;20738;17;17;;;;;;;;;19;;;;2;;;;;;;;
USLD;2021;560012122;LONG SEJOUR - CHS CAUDAN;560002677;50;17493;9;9;;;;;;1;;;6;;;;2;;;31;;;;;
USLD;2021;560014219;CHCB SITE SSR PONTIVY;560014748;30;10521;16;14;;;;;;;;;;;;;;;;;;;;;
USLD;2021;560015422;GHBS SITE DE KERDURAND RIANTEC;560005746;30;9985;17;16;;;;;;;;;;;;;;;;;;;;;
USLD;2021;560027641;USLD CH JOSSELIN;560000077;60;18647;47;35;;;;28;4;2;;11;;;;;2;;;;;;;;
USLD;2021;570000109;NIDERVILLER - CRS SAINT LUC;570000034;45;14586;19;12;0;0;0;6;0;0;6;4;0;0;0;1;2;;;2;8;;2;;
USLD;2021;570000166;CTRE DE GERIATRIE FORBACH - SOS SANTE;570010181;30;10133;21;12;;;3;;3;;13;;;;1;;1;;;;;;;;
USLD;2021;570000349;HOPITAL BEL AIR DE THIONVILLE - CHR;570005165;30;7479;12;9;;;;;1;;8;;;;;;3;30;50;25;10;5;;;
USLD;2021;570000448;CMSC FILIERIS DE CHARLEVILLE SOUS BOIS;750050759;30;8758;13;12;;;;4;;;5;1;;1;;;2;;;;;;1;;
USLD;2021;570000455;HOPITAL DE CHATEAU-SALINS - SOS SANTE;570010181;30;9607;17;12;;;4;2;;;4;;;;;;7;;;;;;;;
USLD;2021;570000562;HOPITAL ST FRANCOIS - MARANGE-SILVANGE;570011353;30;10548;37;36;;;18;;14;2;;;;;;;3;;;;;;;;
USLD;2021;570000661;HOPITAL SAINT JOSEPH DE BITCHE;570000158;30;7251;32;34;0;0;16;1;0;0;10;2;0;0;0;0;3;;;;4;;3;;
USLD;2021;570000893;CHS DE SARREGUEMINES;570000141;30;10014;18;15;;;;;;;;;1;;;;17;;;;;;;;
USLD;2021;570000968;CH LE SECQ DE CREPY DE BOULAY;570000430;30;7965;13;16;;;6;;;;7;;;;;;;;;;;;;;
USLD;2021;570003079;CENTRE DE GERIATRIE LE KEM - SOS SANTE;570010181;58;18313;50;38;;;;;;;17;;;;;;4;;;;;;1;;
USLD;2021;570003947;USLD HOPITAL STE BLANDINE DE METZ;570023630;30;10542;18;18;;1;;2;3;;4;1;;;;;7;;;;;;;;
USLD;2021;570005215;CENTRE FELIX MARECHAL DE METZ - CHR;570005165;30;9266;14;13;;;4;;;;6;1;;;;;3;;;;;;3;;
USLD;2021;570012369;CMS DE GORZE;570011387;30;10132;17;10;;;;14;;;16;2;;1;;;9;;;;;;;1;
USLD;2021;570015776;USLD PHG FILIERIS DE CREUTZWALD;750050759;60;13611;31;31;0;0;0;0;0;0;0;21;0;0;0;0;10;0;0;0;0;0;5;0;0
USLD;2021;580004836;CENTRE COLBERT MEDECINE ET SSR;580780039;108;25156;47;46;;;4;;21;;13;6;;;;;5;;;;;;1;1;
USLD;2021;580972628;MOYEN SEJOUR PIGNELIN;580780039;12;4190;6;1;;;1;;;;4;;;;;;1;;;;;;4;;
USLD;2021;580972644;CH HENRI DUNANT LA CHARITE-SUR-LOIRE;580781136;30;9719;22;9;;;;4;;;4;3;;;;;11;;;2;;;9;;
USLD;2021;580972651;CH CHATEAU-CHINON;580780047;30;5367;12;9;;;4;6;;;;;;;;;2;;;;0;0;;;
USLD;2021;580972677;CH COSNE COURS SUR LOIRE;580780088;30;6683;17;14;;;3;2;1;;5;1;;;;;5;0;0;0;0;0;1;1;
USLD;2021;580972685;CH DECIZE;580780096;30;10634;11;7;;;;;;;9;2;;;;;4;8;0;0;5;0;;;
USLD;2021;580972701;USLD CENTRE LUZY;580970978;30;9298;2;5;0;0;0;0;0;0;2;0;0;0;0;0;;;;;;;0;;
USLD;2021;590000014;CH SOMAIN;590780052;30;8139;10;7;0;0;0;2;0;0;4;2;0;0;0;0;2;0;0;0;0;0;0;0;0
USLD;2021;590000121;CH SECLIN;590780227;60;20286;60;52;0;0;0;0;15;0;26;0;0;0;0;0;19;2;1;3;1;0;4;1;0
USLD;2021;590000428;CH CAMBRAI;590781605;58;17953;33;24;;;3;;4;;18;5;;;;;3;;;;;;7;1;
USLD;2021;590000451;CH HAUTMONT;590781647;40;13880;27;19;;;;;;;;;;;;;;;;;;;;;
USLD;2021;590000469;CH FOURMIES;590781662;30;8454;10;17;0;0;2;0;3;0;3;0;0;0;0;2;10;0;0;0;0;0;2;0;0
USLD;2021;590000477;CH LE QUESNOY;590781670;40;14185;19;16;;;;;;;17;;;;;;2;;;;;;1;;
USLD;2021;590000527;CH AVESNES;590781795;30;9258;22;12;0;0;6;5;0;0;1;4;0;0;0;0;6;0;0;2;0;0;2;2;1
USLD;2021;590000592;CH DENAIN;590782165;60;18275;26;23;;;4;;3;;12;3;;;3;;;;;;;;2;;
USLD;2021;590001004;CH DOUAI DECHY;590783239;60;17721;28;23;;;1;1;4;;4;7;1;;;;6;;;;;;4;;
USLD;2021;590001582;CH INTERCOMMUNAL WASQUEHAL;590785663;60;14423;21;11;;;;6;;;11;;;;;;4;;;;2;;;;
USLD;2021;590001749;POLYCLINIQUE DE GRANDE SYNTHE;590788956;90;27973;48;31;;;1;3;;;16;10;;;;;17;;;;;;3;1;
USLD;2021;590044632;USLD ISABEAU DE ROUBAIX CH ROUBAIX;590782421;60;16451;27;26;;;;;;;;;;;;;;;;;;;;;
USLD;2021;590791091;CSPA LES BATELIERS CHRU LILLE;590780193;120;27191;30;24;;;4;2;1;;17;;3;;;;3;;2;3;;;;1;
USLD;2021;590791323;CTRE CONVALESCENCE SSR CH ARMENTIÈRES;590782637;60;12218;22;22;;;2;1;2;;12;;;;;;5;;;;;;;;
USLD;2021;590804696;CENTRE HOPITALIER DE TOURCOING;590781902;60;19087;40;30;1;;7;;6;;11;1;;;;;3;4;10;4;17;0;2;0;0
USLD;2021;590812186;HOP LA FRATERNITE CH ROUBAIX;590782421;60;19031;38;35;;;;;;;;;;;;;;;;;;;;;
USLD;2021;590812749;USLD CH VALENCIENNES;590782215;90;27224;45;28;;;1;5;12;;3;4;;;;;20;;;;;;7;2;0
USLD;2021;600000020;HL CRÉPY-EN-VALOIS;600100085;30;9187;21;16;;;;;;;17;;;;;;4;;;;;;;;
USLD;2021;600000046;CH PONT-SAINTE-MAXENCE;600100127;30;9638;17;19;0;;0;;0;;17;;0;;0;;0;0;0;0;0;0;0;0;4
USLD;2021;600000053;CH GHPSO SENLIS;600101984;73;23903;41;34;;;4;3;;;14;8;;;;;12;;;;;;;;
USLD;2021;600000152;CH CHAUMONT-EN-VEXIN;600100572;86;29864;41;41;0;0;7;0;0;0;12;10;0;0;0;0;12;0;0;2;0;0;2;3;0
USLD;2021;600000186;CH CLERMONT;600100648;88;30275;40;37;;;1;;;;11;21;1;;;;6;;;;;;3;1;
USLD;2021;600000285;CH CHICN NOYON;600100721;47;15434;18;20;;;1;;;;7;;;;;;10;;;;;;1;;
USLD;2021;600001184;USLD HL GRANDVILLIERS;600108948;31;8969;18;11;;;;1;;1;;4;;1;;;11;;;;;;1;1;
USLD;2021;600100101;CH AP-HP LIANCOURT;750712184;96;30503;62;14;;;3;;;;52;;;;;;;;;;;;;;
USLD;2021;600105381;USLD CONDÉ CHANTILLY;600106611;51;18076;30;15;;;;3;11;;;13;;;;;3;;;;;;3;4;
USLD;2021;600107494;USLD CH BEAUVAIS;600100713;100;33197;52;45;0;0;1;1;0;0;19;15;0;0;0;0;16;0;0;0;12;0;7;1;0
USLD;2021;600107668;USLD CHICN COMPIÈGNE;600100721;73;25167;29;24;;;3;1;;;2;5;;;;;18;;;;;;;1;4
USLD;2021;610000044;CENTRE HOSPITALIER DE L'AIGLE;610780074;30;8930;18;10;;;;;1;;8;;;1;;;8;9;0;3;2;0;1;2;0
USLD;2021;610784050;USLD -LES PASTELS- - CH ALENCON;610780082;110;34657;32;29;;;6;2;;;11;2;;1;;;10;;;5;8;;2;2;
USLD;2021;620000067;CENTRE HOSPITALIER DU TERNOIS;620100081;30;10053;35;29;;;;3;;3;15;;;;;;14;;;;;;4;;
USLD;2021;620000224;CH BETHUNE;620100651;60;15672;59;61;;;12;;9;;19;4;;;;;15;;;;;;3;0;1
USLD;2021;620000240;CH HENIN BEAUMONT;620100677;60;17807;60;51;;;;25;11;;4;3;;;;;26;;;;;;2;;
USLD;2021;620000323;CH CALAIS;620101337;30;9434;30;23;;;3;;;;5;;;;;;22;;;;3;;5;;
USLD;2021;620000349;CH REGION DE ST OMER;620101360;80;29200;54;46;;;4;;11;;27;;;;;;11;;;;12;;;;
USLD;2021;620000653;CH BOULOGNE-SUR-MER;620103440;60;19987;30;30;;;2;1;1;;8;2;;;;;1;;700;;597;;1;;
USLD;2021;620003350;HOPITAL DE RIAUMONT;620001834;88;24687;65;44;;;;;;;;;;;;;;;;;;;;;
USLD;2021;620106625;MAISON SLD LA MANAIE AUCHEL;750050759;40;8867;10;7;;;;;;;10;;;;;;;;;;;;1;;
USLD;2021;620108357;USLD LES OPALINES - CHAM;620103432;25;7476;17;11;;;;;;;;;;;;;;;;;;;;;
USLD;2021;620111195;USLD CH ARRAS;620100057;110;34282;107;95;;;4;5;1;;21;6;1;;;;4;;;39;75;;6;;
USLD;2021;630000016;CH DU MONT DORE;630180032;30;10529;15;11;0;0;5;2;0;0;5;1;0;0;0;0;2;;;;;;1;1;0
USLD;2021;630000412;CH D'AMBERT;630780997;40;13473;54;15;0;0;4;0;6;0;6;0;0;0;0;0;25;0;0;0;14;0;0;0;0
USLD;2021;630000420;CH PAUL ARDIER ISSOIRE;630781003;20;3577;12;5;0;0;0;0;0;0;0;0;0;0;0;0;12;0;0;0;2;0;0;0;0
USLD;2021;630000446;CH DE THIERS;630781029;30;9594;7;8;;;1;;1;;3;;;;;;2;0;0;0;0;0;;;
USLD;2021;630000560;CH BILLOM;630781367;66;22433;54;46;;;5;12;;;28;;;;;;9;;;;;;3;;
USLD;2021;630781821;CLINIQUE PSYCHIATRIQUE LE GRAND PRE;920030269;30;6026;18;2;;;15;;1;;;;;;;;;;;;;;1;;
USLD;2021;630783538;HOPITAL LOUISE MICHEL - CHU63;630780989;110;36271;84;55;;;8;15;6;8;31;7;;;;;2;;23;;12;;5;;
USLD;2021;630790384;CENTRE DE LONG SEJOUR;630786754;44;15766;7;4;;;;2;;;;;4;1;;;;;;;;;1;;
USLD;2021;640000162;CH DE LA COTE BASQUE - BAYONNE;640780417;96;29438;45;42;;;2;3;10;;6;3;;;;;17;;;;;;1;;
USLD;2021;640000402;CENTRE HOSPITALIER D'ORTHEZ;640780813;55;19257;20;13;0;0;6;0;3;0;11;0;0;0;0;0;0;0;18;0;0;0;0;0;0
USLD;2021;640000410;CENTRE HOSPITALIER OLORON;640780821;37;10526;19;14;0;0;9;3;0;0;4;0;0;1;0;0;0;;18;;12;;0;0;0
USLD;2021;640000600;CENTRE HOSPITALIER DE PAU;640781290;80;24410;71;55;;;30;1;;;21;7;;4;;;8;146;;3;10;;2;;
USLD;2021;640003836;USLD CLOS DE L'OUSSE;640791976;20;6450;12;13;;;;5;;;;4;;1;;;3;;;;;;;;
USLD;2021;640780755;C.H.I.C. COTE BASQUE - ST JEAN DE LUZ;640780417;54;19458;26;17;;;;;;;4;7;;7;;;1;;;;;;2;;
USLD;2021;640786281;USLD CLOS MONTREUIL;640791976;60;20616;26;21;;;;14;;;;5;;9;;;16;;;;;;;;
USLD;2021;650000045;CH LOURDES;650780158;33;11035;33;27;;;2;3;;;16;2;;;;;10;;1;;80;;0;0;0
USLD;2021;650000060;CH LANNEMEZAN;650780174;42;13788;43;33;;;4;6;18;;8;1;;;;;5;;;;;;3;;
USLD;2021;650780141;CH BIGORRE SITE AYGUEROTE TARBES;650783160;47;15707;30;22;0;;8;;1;1;11;;0;;0;1;8;;;;;;;;
USLD;2021;650780182;CH BIGORRE SITE VIC EN BIGORRE;650783160;101;34419;50;36;0;0;2;;2;2;20;0;0;0;0;0;35;;1664;;;22;8;13;0
USLD;2021;650786668;USLD CH BAGNERES DE BIGORRE;650780166;36;12816;20;19;;;;;;;20;;;;;;;;;;;;;;
USLD;2021;660000167;CH PRADES;660780271;40;14382;38;23;;;15;4;3;3;;;;;;;7;;;;;;6;;
USLD;2021;660007261;USLD GCS POLE SANITAIRE CERDAN;660010059;15;3648;7;7;;;;;;;7;;;;;;;;;;;;3;;
USLD;2021;660009341;USLD LES PATIOS D'ARGENT;110786324;60;18558;37;20;;;;;;;;;;;;;;;;;;;;13;
USLD;2021;660781444;USLD LA MISERICORDE CH PERPIGNAN;660780180;200;57855;75;65;2;;25;;13;;17;;2;;0;;17;;;;;;3;7;0
USLD;2021;670000041;HOPITAL LA GRAFENBOURG;670780071;30;9918;7;12;;;;;;;4;;;;;;3;;;;;;1;;
USLD;2021;670000058;EPSAN BRUMATH;670013366;72;25734;18;11;;;;1;;;;2;7;;;;8;;;;7;;;;
USLD;2021;670000157;CENTRE HOSPITALIER DE HAGUENAU;670780337;31;10496;14;10;;;1;;3;;9;1;;;;;;;0;5;1;;;;
USLD;2021;670000165;CH SAINTE-CATHERINE DE SAVERNE;670780345;30;9600;26;16;;;;;;;;;;;;;;;;;;;;;
USLD;2021;670000215;HOPITAL DU NEUENBERG;680000643;45;14558;24;23;;;4;3;;;12;;;;;;5;;;;1;;;;
USLD;2021;670000306;CENTRE HOSPITALIER DÉPARTEMENTAL;670780584;104;29791;53;42;0;0;0;3;0;0;30;2;0;0;14;1;3;0;0;10;13;0;3;0;0
USLD;2021;670000348;HOPITAL LOCAL DE MOLSHEIM;670780642;30;9375;16;19;;6;;;;;3;5;;;;;2;;;;;;;;
USLD;2021;670000397;CENTRE HOSPITALIER DE SELESTAT;670017755;45;15899;33;26;;;;;;;;;;;;;;;;;;;;;
USLD;2021;670000603;CENTRE HOSPITALIER D'ERSTEIN;670781152;40;13961;23;21;0;0;0;6;0;0;0;8;3;0;0;0;6;0;0;9;2;0;2;1;0
USLD;2021;670002278;CLINIQUE DU RIED;920030269;50;13448;66;27;0;0;0;23;0;9;8;6;0;1;0;0;19;0;0;0;0;0;9;0;0
USLD;2021;670014992;MAISON DE SANTE AMRESO BETHEL;670780139;30;9827;22;27;0;0;5;0;0;0;6;3;0;0;0;0;8;0;0;0;0;0;0;0;0
USLD;2021;670799550;HUS / USLD DE LA ROBERTSAU;670780055;124;38987;78;64;7;;27;1;16;2;11;6;;1;;;7;;;15;;;;;
USLD;2021;680000122;HOPITAL DE CERNAY;680020336;30;10387;21;18;1;;1;2;3;;9;11;;;;;17;;1;;;;;2;
USLD;2021;680000312;SSR POLE DE GERONTOLOGIE SAINT DAMIEN;680015963;30;9943;30;26;;;;14;;;2;;;;;;9;0;0;2;0;0;0;0;0
USLD;2021;680000544;CENTRE HOSPITALIER D'ALTKIRCH;680020336;25;8381;18;14;;;2;;9;;16;;;;;;10;;1;;;;;2;
USLD;2021;680000627;HOPITAL DU HASENRAIN;680020336;30;9849;22;11;;;2;;1;;3;;1;;;;7;;;;;;4;;1
USLD;2021;680000767;HOPITAL INTERCOM DE SOULTZ ISSENHEIM;680001088;48;16494;48;36;0;0;0;7;0;0;12;0;0;0;0;0;0;0;0;0;0;0;1;0;0
USLD;2021;680000833;HOPITAL DE RIBEAUVILLE;680001138;46;16410;31;14;;;;;;;12;;;;;;;;;;;;11;;
USLD;2021;680000882;CLINIQUE DU DIACONAT COLMAR;680000643;30;10892;9;7;;;3;;;;6;;;;;;;39;;;;;1;;
USLD;2021;680004553;MAISON MEDICALE POUR PERSONNES AGEES;680020336;108;36185;77;50;1;;39;;37;;35;22;;;;;35;;10;;;;;20;
USLD;2021;680020427;CENTRE DEPART. DE REPOS ET DE SOINS;680014495;80;27376;62;37;0;0;0;4;0;0;17;11;0;2;0;0;28;0;0;0;0;0;17;5;0
USLD;2021;690000245;HOPITAL DE FOURVIERE;690780432;70;20712;54;39;0;0;22;0;74;1;0;0;0;0;0;0;13;0;0;0;0;0;4;0;0
USLD;2021;690000773;CH DU MONT D'OR;690782925;60;19675;29;28;;;;;1;;17;7;;1;;;3;;;;6;;1;;
USLD;2021;690007406;LONG SEJOUR HCL - ANTOINE CHARIAL;690781810;0;4175;1;5;;;;;1;;;;;;;;;;;;;;;;
USLD;2021;690780150;HOPITAL DE L'ARBRESLE LE RAVATEL;690000104;30;10260;16;13;0;0;0;0;1;6;5;0;0;1;0;0;3;0;0;0;0;0;2;1;0
USLD;2021;690782420;CENTRE MEDICAL DE BAYERE;690793633;33;11405;18;8;;;5;;1;;5;;1;;;;6;;;;;;;;
USLD;2021;690784194;HOPITAL DES CHARPENNES - HCL;690781810;54;18990;26;14;;;;;;;;;;;;;;;;;;;;;
USLD;2021;690787429;HOPITAL DR FREDERIC DUGOUJON - HCL;690781810;47;17009;17;;;;2;;11;;;;;;;;4;0;0;0;3;0;;;
USLD;2021;690787478;HOPITAL PIERRE GARRAUD - HCL;690781810;305;93138;249;;;;20;3;;;69;2;;2;;;153;0;0;0;0;0;;3;
USLD;2021;690791132;USLD BELLECOMBE;690001912;60;16559;49;39;;;;10;;25;;23;;;;;14;;;;;;;;
USLD;2021;690797873;LONG SEJOUR DE COURS;690043237;30;9836;28;21;;;1;14;;;10;1;;;;;2;0;0;0;0;0;4;6;
USLD;2021;690801709;USLD LES ALTHEAS;690802715;60;21137;30;19;;;11;;;;10;;;;;;9;;;4;1;;8;0;0
USLD;2021;690802251;USLD CH DE VILLEFRANCHE;690782222;40;14154;18;15;;;2;1;;;8;6;;;;;1;;;;;;1;;
USLD;2021;690802913;USLD LES HIBISCUS;590019568;60;21766;14;13;;;;1;;1;;2;;3;;;7;;2;1;;3;1;;
USLD;2021;690803093;USLD LA MALETIERE VAUGNERAY;690780564;30;9676;13;11;;;;;;;;;;;;;;;;;;52;135;;
USLD;2021;700784341;USLD LA CHENAIE;700004096;30;10189;4;4;;;;;;;;1;2;;;;1;;;;;;;;
USLD;2021;710972365;USLD CH DU PAYS CHAROLAIS BRIONNAIS;710780644;70;23178;44;39;;;;;0;2;17;9;;;;;5;;;;;;0;0;0
USLD;2021;710972423;USLD HOTEL DIEU CH LES CHANAUX;710780263;79;26435;36;18;;;7;;2;;6;1;;;;;20;;;;;;13;;
USLD;2021;710978248;CH AUTUN SITE LATOUCHE;710781451;54;11221;21;34;;;8;1;;;10;;;1;;;1;;;;;;2;2;
USLD;2021;720000033;CENTRE HOSPITALIER DU MANS;720000025;64;23360;28;13;;;10;;5;;9;1;;;;;3;0;0;0;2;0;11;0;0
USLD;2021;720000124;CENTRE HOSPITALIER CHATEAU DU LOIR;720000066;30;8209;23;13;;;6;4;;;1;3;;;;;6;;;;;;;;
USLD;2021;720000314;HOPITAL FRANÇOIS DE DAILLON AU LUDE;720000090;20;7078;9;8;;;;;;;;;;;;;;;;;;;;;
USLD;2021;720000470;CENTRE HOSPITALIER MAMERS;610780082;30;7011;24;15;;;17;2;;;2;;;;;;3;;;20;10;;2;;
USLD;2021;720000520;CENTRE HOSPITALIER ST CALAIS;720000140;55;15778;6;13;9;;2;1;;;;;;;;;8;;;2;;;1;;
USLD;2021;720000801;USLD PHGNS;720021963;30;10795;18;17;;;;;;;;;;;;;;;;;;;;;
USLD;2021;720005909;USLD CH DROUET CTRE HOSP DU MANS;720000025;126;42091;75;56;0;;41;;3;;7;;;;;;24;0;0;0;1;0;13;0;0
USLD;2021;730000049;CH DE MOUTIERS;730002839;30;9826;37;23;;;10;;9;;8;;;;;;10;;;1;10;;5;;
USLD;2021;730000080;CH DE SAINT JEAN DE MAURIENNE;730780103;30;10733;47;38;;;25;;;;10;;;;;;12;;;;38;;;;7
USLD;2021;730000098;CHMS AIX GRAND PORT;730000015;30;10950;21;;;;11;;;;1;;;;3;;;;;;;39;3;;1
USLD;2021;730783552;CHMS CHAMBERY HOTEL DIEU;730000015;53;19345;43;;;;;;;;;;;;;;;;;;;;;;
USLD;2021;730785276;USLD CLAUDE LEGER;730002839;30;10433;19;9;;;3;1;4;;3;1;;;;;7;;;;5;;1;;1
USLD;2021;740000286;CH DUFRESNE SOMMEILLER;740781190;30;9807;21;19;;;;;;;;;;;;;;;;;;;;;
USLD;2021;740000302;CH ANNECY-GENEVOIS SITE ST JULIEN EN G;740781133;0;466;0;2;;;;;;;;;;;;;;;;;;;;;
USLD;2021;740000401;MAIS DÉPT ET CTRE LONG SÉJOUR REIGNIER;740781893;50;15236;22;23;;;;7;;;;11;;;;;4;;;;;;;;
USLD;2021;740001847;USLD LES PRAZ DE L'ARVE;740780168;40;8643;28;18;;;2;4;2;6;;;;;;;14;;;;;;4;4;
USLD;2021;740011481;ESIS SEYNOD;740781133;60;19589;21;13;0;;5;;1;;2;;0;;0;;3;0;0;0;2;0;0;0;0
USLD;2021;740788070;USLD LA LUMIERE DU LAC THONON;740790381;30;10152;16;19;;;3;;6;;;4;;;;;3;;;;;;;1;
USLD;2021;740789532;LONG SEJOUR RUMILLY;740781208;45;14645;26;16;;;;;;;12;3;;;;;5;;;;;;6;;
USLD;2021;750041543;HU PARIS NORD SITE BRETONNEAU APHP;750712184;60;13687;25;4;;;;;5;;20;;;;;;;;;;;;;;
USLD;2021;750100042;HU SAINT LOUIS SITE LARIBOISIERE APHP;750712184;78;17210;31;14;;;;;5;1;20;1;1;;;;3;;;;;;;;
USLD;2021;750100216;HU PARIS OUEST SITE VAUGIRARD APHP;750712184;210;47888;128;113;;;;9;;;;100;;;;;4;;;;106;;14;11;
USLD;2021;750100299;HU PARIS IDF SITE SAINTE PERINE APHP;750712184;236;57358;56;83;0;;4;2;0;;32;6;;;;;4;;;;;;12;;0
USLD;2021;750150377;HOPITAL HENRY DUNANT;750721334;78;20844;65;27;;;;;;;18;;;;;;47;;;;;;2;11;0
USLD;2021;750801441;HU PARIS CENTRE SITE BROCA APHP;750712184;238;72101;129;80;;;;12;1;;77;22;;;;1;16;;;;68;;13;9;0
USLD;2021;760000133;CH HOPITAL PASTEUR VALLERY RADOT;760780213;39;12445;19;25;0;0;0;6;0;0;7;1;0;0;0;0;5;0;0;0;3;0;0;0;0
USLD;2021;760000141;HOPITAL SAINT JULIEN CHU ROUEN;760780239;145;49767;39;37;;;10;;;;13;1;;;;;15;;;4;;;1;;
USLD;2021;760000356;HOPITAL GUSTAVE FLAUBERT CH LE HAVRE;760780726;122;45379;75;53;0;0;8;1;0;0;1;6;0;0;0;0;1;;;;;;11;0;0
USLD;2021;760000380;HL SAINT-ROMAIN-DE-COLBOSC;760780759;35;12739;22;22;;;;;;;21;1;;;;;;;;;;;;;
USLD;2021;760023671;USLD ARCADIE BOUCICAUT CHU ROUEN;760780239;70;24431;20;21;;;2;;;;10;5;;;;;3;;;4;2;;;;
USLD;2021;760783530;HOPITAL DE OISSEL CHU ROUEN;760780239;90;32042;29;28;;;;2;;;19;;;;;;8;;;;;;;;
USLD;2021;760800938;CENTRE DE JOUR WINNICOTT CH DIEPPE;760780023;130;42784;90;56;1;;8;;6;;16;;4;;0;;17;;;;;1;17;0;0
USLD;2021;760806950;USLD DE L'EHPAD YVON LAMOUR FECAMP;760780734;40;14391;21;18;;;10;;;;4;1;;;;;5;;;;;;;;
USLD;2021;770000156;CH DE MELUN SITE SANTEPOLE;770110054;41;12050;36;23;;;9;1;;;10;1;;;;;14;;;;;;;3;
USLD;2021;770000164;CH SUD SEINE ET MARNE SITE MONTEREAU;770021152;51;18250;15;;;;1;1;1;;7;1;;;;;;;;;;;1;;
USLD;2021;770022473;CLINIQUE USLD FSEF NEUFMOUTIERS;750720575;12;3597;20;0;;;;;;;4;;;;;;2;;;;;;;;
USLD;2021;770023059;SSR POLE SANTE ORGEMONT;440056455;57;21336;31;29;;;;;;;;;;;;;;;;;;;;;
USLD;2021;770700011;CENTRE DE READAPTATION DE COUBERT;930027347;12;2474;5;0;;;;5;;;;;;;;;;;;;;;;;
USLD;2021;770813814;USLD CENTRE HOSPITALIER DE JOUARRE;770021145;88;24241;47;35;;;;13;;;;18;;1;;;15;;;;;;;;
USLD;2021;780000287;CH FRANCOIS QUESNAY MANTES;780110011;50;13773;19;18;0;0;0;3;0;0;3;7;0;0;0;0;6;0;0;0;;0;1;3;0
USLD;2021;780000303;CENTRE HOSPITALIER DE PLAISIR;780024113;64;17932;25;23;0;0;0;0;1;4;7;2;0;0;0;0;11;0;0;0;19;0;3;0;0
USLD;2021;780000311;CHI POISSY ST GERMAIN SITE DE POISSY;780001236;90;28475;33;25;;;1;;;;6;3;;;11;;;;;;;;;;
USLD;2021;780000337;CHI POISSY ST GERMAIN SITE ST GERMAIN;780001236;0;728;1;1;;;;;;;;;;;;;;;;;;;;;
USLD;2021;780000352;HOPITAL DU VESINET CENTRE;780110094;38;8044;3;4;;;;;;;;;;;;;;;;;;;;;
USLD;2021;780000360;USLD GERONTOLOGIQUE DE CHEVREUSE;780130019;40;12643;18;16;;1;;3;;2;;4;;0;;0;4;2;0;1;5;0;0;0;0
USLD;2021;780000378;CH LOCAL DE HOUDAN;780130027;30;9406;23;16;;;;8;11;;;;;;;;4;;;;;;1;;
USLD;2021;780150033;MAISON DE SANTE CLAIRE DEMEURE;780020715;40;10071;13;18;;;10;;;;;;3;;;;13;;;;;;;;
USLD;2021;780822748;USLD CHATELAIN GUILLET;780002697;32;10657;16;10;;;;;;;20;5;0;;0;;3;;;;;;;;
USLD;2021;790000087;CENTRE HOSPITALIER DE NIORT;790000012;71;16542;40;27;;;5;1;2;;16;2;3;1;;;4;77;;;;;1;;
USLD;2021;790000103;SITE HOSPITALIER DE PARTHENAY;790006654;55;20075;22;32;1;;2;3;;;13;1;;;;;2;;;;;;2;5;1
USLD;2021;790000111;CH HAUT VAL SEVRE & MELLOIS - ST MAIX.;790019491;35;11181;25;13;;;7;2;10;;;;;;;;6;;;;;;2;;
USLD;2021;790000145;CTRE HOSPITALIER DE MAULEON;790000079;30;9905;26;20;;;;;;;;;;;;;;;;;;;;;
USLD;2021;800000200;CH CORBIE;800000051;30;8759;27;20;0;0;7;6;0;1;1;1;0;0;0;0;11;;;;;;1;2;0
USLD;2021;800000226;CH DOULLENS;800000069;35;11526;18;16;;;3;;;;11;;;;;;3;;;;27;;2;1;0
USLD;2021;800000275;CH HAM;800000077;30;10054;29;16;;;4;;;;15;1;;;;;9;;;;;;7;;
USLD;2021;800000390;CH CHIMR MONTDIDIER;800000085;65;17503;27;26;;;5;;;;9;2;;;;;11;;;;;;;;
USLD;2021;800000432;CH PÉRONNE;800000093;30;10613;11;8;0;0;0;0;0;0;5;2;0;;0;0;;0;0;0;0;0;0;0;1
USLD;2021;800000507;CH CHIBS SAINT-VALERY-SUR-SOMME;800000135;98;27133;55;59;;;10;11;;;10;8;;;;;16;;;;;;;;
USLD;2021;800000614;CHU AMIENS SAINT VICTOR;800000044;190;49146;67;65;;;3;;3;;22;10;;;;;29;;;;;;6;;
USLD;2021;810000505;CH ALBI;810000331;74;22624;52;44;;;8;15;4;;;8;;5;;;5;;;;;;15;;
USLD;2021;810000513;CH DE GAILLAC;810000349;30;9884;22;14;;;8;5;;;1;3;;;;;5;;;;;;2;;
USLD;2021;810000562;CH LAVAUR;810000455;60;19487;47;37;0;0;6;1;0;0;15;10;2;0;0;0;13;1;0;3;8;0;0;0;0
USLD;2021;810099838;CHIC CASTRES MAZAMET SITE MONGES;810000380;50;18250;29;27;0;0;330;0;0;0;3;3;1;0;0;0;3;0;0;0;0;0;0;0;0
USLD;2021;810100370;USLD SITE MAZAMET CHIC CASTRES MAZAMET;810000380;70;18250;17;14;;;;;;;;;;;;;;;;;;;;;
USLD;2021;820000032;CH MONTAUBAN;820000016;30;10035;19;16;;;3;;5;;3;;1;;;;7;;;;3;;2;;
USLD;2021;820000438;USLD CH CAUSSADE;820000214;35;10537;36;21;;;20;;;;14;;;;;;25;;;;;;9;;
USLD;2021;820000461;CH DES DEUX RIVES;820000248;25;7932;32;21;;;;;;5;9;2;;;;;16;;;;;;6;;
USLD;2021;820009611;USLD CHI CASTELSARRASIN MOISSAC;820004950;30;9560;32;24;0;0;3;7;;;7;3;;;;;12;;;3;5;;1;;
USLD;2021;830000279;CH JEAN MARCEL DE BRIGNOLES;830100517;46;13967;10;;;;;;;;;;;;;;;;;;;;;;
USLD;2021;830000337;CENTRE HOSPITALIER DE SAINT TROPEZ;830100590;40;14270;20;17;;;8;;;;;1;;;;;12;;;;2;;;3;
USLD;2021;830009528;CHI FREJUS ST RAPAHEL GERONTO MED SSR;830100566;30;10147;18;17;;;;;1;;8;2;;;;;7;;;;;;;2;
USLD;2021;830013629;CENTRE PHOCEEN DE LONG SEJOUR;130002041;26;7768;5;6;;;;;;;3;;;;2;;;;;;;;;;
USLD;2021;830017372;MOYEN SEJOUR DU COS BEAUSEJOUR;750721235;100;32513;52;38;;;;;;2;34;;;;;;16;;;;5;;7;;
USLD;2021;830100608;CHITS CH GEORGE SAND;830100616;14;5066;5;1;;;;;;;1;;;;;;;;;;;;2;;
USLD;2021;830100764;INSTITUT MEDICALISE DE MAR VIVO;440052041;40;13821;13;14;;;;2;;1;3;;;;;7;;;;;;;4;;
USLD;2021;830202743;CHITS HOPITAL GEORGES CLEMENCEAU;830100616;36;12283;18;15;;;2;;;;7;;;;;;;;;;1;;;;
USLD;2021;830206983;CH DEPARTENTAL DU VAR AU LUC;830008819;30;9250;12;8;;;;;;;;;;;;;;;;;;;;;
USLD;2021;830212783;LE MONT D'AZUR SLD;830002432;23;5366;6;11;0;0;0;2;0;0;0;2;0;0;0;0;2;0;0;0;0;0;0;0;0
USLD;2021;830213989;CH DRAGUIGNAN USLD;830100525;35;11801;27;21;;;6;;10;;;;5;;;;6;35;;;2;;7;;
USLD;2021;840000392;CENTRE HOSPITALIER DE CARPENTRAS;840000046;30;10519;39;35;;;4;2;11;;;18;;2;;1;1;;;;;;2;;
USLD;2021;840000418;CHI DE CAVAILLON LAURIS;840004659;33;11277;23;21;0;0;4;0;0;0;14;2;0;0;0;0;3;0;0;0;0;0;1;0;0
USLD;2021;840000483;CH LOUIS GIORGI D'ORANGE;840000087;30;10084;21;15;;;;;;;;;;;;;;;;;;;;;
USLD;2021;840000491;CHI SITE DE PERTUIS;130041916;50;14379;24;27;;;10;;;;5;1;;;;;8;;;;;;;2;1
USLD;2021;840001861;CH D'AVIGNON HENRI DUFFAUT;840006597;67;24031;32;21;;;;;;;;;;;;;;;;;;;;;
USLD;2021;840007579;CENTRE HOSPITALIER DU PAYS D'APT SLD;840000012;40;12138;29;15;0;0;5;;;;16;1;;;;;3;;;;;;2;;
USLD;2021;850000142;CHD SITE LA ROCHE SUR YON;850000019;80;27855;40;41;;;;;;;40;;;;;;;;;;4;;;;
USLD;2021;850000209;CHD-SITE DE LUCON;850000019;30;8225;5;12;;;1;;;;4;;;;;;;;;1;;;;;
USLD;2021;850000233;HOPITAL DE ST-GILLES- CROIX- DE- VIE;850009010;30;9478;45;31;0;;4;;3;;24;;0;;0;;14;;;;;;7;0;2
USLD;2021;850000647;CH DES COLLINES VENDEENNES;850025867;27;8390;36;27;;;;;;;;;;;;;;;;;;;;;
USLD;2021;850003377;USLD CH LVO AQUARELLE;850009010;30;10466;14;11;5;0;0;0;0;0;8;0;0;0;0;0;1;;;;;;1;0;0
USLD;2021;850021049;USLD LES MAISONNEES DE LUMIERE;850000084;60;21306;55;49;0;;5;;5;;45;;0;;0;;41;0;0;0;0;0;0;0;0
USLD;2021;850021866;USLD CHS GEORGES MAZURELLE;850000092;25;8898;1;0;;;;;;;;;1;;;;;;8;25;;;;;
USLD;2021;850022013;SSR HOPITAL NOIRMOUTIER;850000100;21;7447;8;6;;;;;;;;;;;;;;;;;;;;;
USLD;2021;860000025;CHU DE POITIERS - SITE CHATELLERAULT;860014208;60;20017;71;58;;;24;1;;;18;3;;;;;25;;;;;;10;2;
USLD;2021;860000033;CHU DE POITIERS - SITE DE LOUDUN;860014208;30;9928;23;25;;;9;;;;8;;;;;;6;;;;;;2;1;
USLD;2021;860000058;CHU DE POITIERS - SITE DE MONTMORILLON;860014208;32;9190;16;4;;;8;1;;;5;;;;;;2;;;;;;1;3;
USLD;2021;860000223;CHU LA MILETRIE;860014208;55;18176;27;26;;;;;;;24;1;;;;;2;;;;;;2;1;
USLD;2021;860011014;CHU DE POITIERS - SITE DE LUSIGNAN;860014208;30;8335;22;16;;;2;;;;5;4;;1;;;10;;;;;;5;1;
USLD;2021;870000270;CTRE HOSPITALIER J BOUTARD ST YRIEIX;870000031;40;13658;36;24;0;0;16;5;;;12;;;;;;3;0;0;0;0;0;8;1;0
USLD;2021;870000551;HOPITAL INTERCOMMUNAL DU HAUT LIMOUSIN;870014503;34;12520;16;16;0;;3;0;;;8;5;;;;;5;;;;;;2;1;
USLD;2021;870000601;HOPITAL DR RENE BARRIERE ST LEONARD;870014248;30;9960;38;24;;5;17;;;;9;;;;;;8;;;;;;16;3;
USLD;2021;870001567;HOPITAL INTERCOMMUNAL DU HAUT LIMOUSIN;870014503;50;15760;49;16;;1;10;1;;;4;8;;;;;25;;;;;;22;4;
USLD;2021;870003514;HOPITAL JEAN REBEYROL LIMOGES;870000015;80;26502;57;44;1;0;6;0;6;0;43;0;0;0;0;0;1;0;0;0;9;0;9;6;0
USLD;2021;870005931;UNITE SOINS LONGUE DUREE ST JUNIEN;870000023;60;10942;22;26;;;4;1;;;9;2;;;;;8;;;;;;8;;
USLD;2021;870008042;USLD CHASTAINGT LIMOGES;870000015;168;56306;169;101;5;0;18;4;25;0;103;2;0;0;0;0;12;0;0;0;9;0;12;2;1
USLD;2021;880000039;CH DE GERARDMER CLAUDIUS REGAUD;880780069;25;6555;23;16;;;3;3;;;12;2;;;;;3;;;;;;;;
USLD;2021;880000070;CHI DE L'OUEST VOSGIEN SITE DE VITTEL;880007299;30;10010;22;18;;;2;;;;15;;;;;;5;;;;15;;5;1;
USLD;2021;880000104;HOPITAL DE L'AVISON - BRUYERES;880780259;30;5813;12;8;;;;3;;;2;2;;;;;5;;;;4;;2;;
USLD;2021;880000336;CHI E. DURKHEIM - SITE DE GOLBEY;880007059;30;9691;19;17;;;;1;;;17;;;;;;1;;;;;;3;;
USLD;2021;880786637;USLD DU CENTRE HOSPITALIER REMIREMONT;880780093;24;7654;34;34;;;;;;;;;;;;;;;;;;;;;
USLD;2021;880786645;USLD DU CENTRE HOSPITALIER DE ST-DIE;880780077;30;5521;15;18;;;2;;;;1;;;;;;12;;;;;;;;
USLD;2021;890971583;USLD DU CH JOIGNY;890000417;64;19677;37;25;0;0;6;2;6;0;9;3;0;0;0;0;13;;;;;;1;;
USLD;2021;890975527;CH AUXERRE;890000037;29;6848;25;5;;;;;;;;;;;;;3;;;;;;;;1
USLD;2021;900000647;CHSLD LE CHENOIS;900004698;123;41386;57;46;;;;20;;20;;;;1;;;16;;;;;;14;;8
USLD;2021;910000272;CH D ARPAJON;910110014;46;15860;15;14;0;0;3;0;0;0;4;0;0;0;0;0;7;0;6;0;7;0;2;0;0
USLD;2021;910000280;CH DOURDAN ETAMPES SITE DOURDAN;910019447;25;8707;15;16;;;3;;;;3;1;;;;;8;;;;;;;;
USLD;2021;910100015;HU HENRI MONDOR SITE CLEMENCEAU APHP;750712184;130;49160;37;42;;;;;;;36;;;;;;1;;;;;;;;8
USLD;2021;910100031;HU HENRI MONDOR SITE DUPUYTREN APHP;750712184;54;17488;20;8;;;;;;;16;;;;;;4;;;;;;;;1
USLD;2021;910150069;HOP PRIVE GERIAT LES MAGNOLIAS;910000033;60;21232;40;29;;;4;3;;;20;5;;;;;8;;;;;;7;;
USLD;2021;920000577;CH DE NANTERRE;920110020;48;16267;0;8;0;0;0;0;0;0;0;0;0;0;0;0;0;5;0;4;7;0;0;0;0
USLD;2021;920000593;CH RIVES DE SEINE SITE DE PUTEAUX;920026374;78;23275;37;36;;;;;;;;;;;;;;;;;;;;;
USLD;2021;920000619;CH DES QUATRE VILLES SITE ST CLOUD;920009909;70;23054;47;36;;;;9;5;;12;6;;;;;6;;;;2;;9;;
USLD;2021;920001369;SSR FONDATION ROGUET;920710654;75;18348;40;24;;;;20;;;1;;;;;;19;0;0;0;0;0;1;;
USLD;2021;920024205;SSR LES ABONDANCES;920808037;110;37956;73;46;;;;17;;;37;2;;;;;17;;;16;;;3;;
USLD;2021;920100047;HU PARIS NORD SITE LOUIS MOURIER APHP;750712184;40;14600;6;6;0;;0;;0;;6;;0;;0;;0;;;;3;;;;
USLD;2021;930000294;CTRE D MOYEN ET LONG SEJOUR LES ORMES;930021480;41;14487;24;19;1;;2;;;0;11;0;;;;;10;;;;;;0;0;1
USLD;2021;930100011;HU PARIS SSTDENIS SITE MURET APHP;750712184;93;25877;13;23;0;;1;;;1;8;2;;;;1;;;;;2;;1;0;0
USLD;2021;930150057;MAISON SANTE MEDICALE LES FLORALIES;750034589;35;10379;20;11;;;;;;;1;;;;;;2;;;;;;;;
USLD;2021;930706239;CH SAINT DENIS HOPITAL CASANOVA;930110051;100;34614;63;29;;;;;;;;;;;;;;;;;;;;;
USLD;2021;930815501;GHU PARIS USLD LA ROSERAIE NEUILLY S/M;750062036;114;33825;8;22;;;;;;;;1;2;2;;;3;;;;;;;;1
USLD;2021;940000615;CHS LES MURETS;940140023;42;14059;8;6;0;0;0;0;0;0;0;0;7;1;0;0;1;0;0;47;0;0;2;0;0
USLD;2021;940100027;HU HENRI MONDOR SITE HENRI MONDOR APHP;750712184;24;8760;8;5;;;;;;;;;;;;;;;;;;;;;
USLD;2021;940100035;HU PITIE SALPETRIERE- CHARLE FOIX APHP;750712184;140;51100;30;34;;;;;;;5;;;;;;;;;;;;;;
USLD;2021;940100050;HU HENRI MONDOR SITE E ROUX APHP;750712184;240;94928;96;67;;;1;;;;60;;;;;;35;;;;;;;;
USLD;2021;940100068;HU PARIS SUD SITE PAUL BROUSSE APHP;750712184;177;46332;30;33;;;43;;;;13;;;;;;;;;;;;4;;0
USLD;2021;940812506;USLD LES VIGNES;940110042;46;16790;9;11;0;0;0;0;0;5;2;1;0;1;0;0;0;0;0;0;0;0;0;1;0
USLD;2021;950000307;CH VICTOR DUPOUY;950110015;94;33322;36;31;;;7;1;4;;12;8;;;;;4;;;17;15;;1;;
USLD;2021;950000323;GHEM SIMONE VEIL SITE EAUBONNE;950013870;101;30659;46;47;1;0;4;2;3;0;22;5;1;0;0;0;6;0;0;0;0;0;12;0;0
USLD;2021;950000331;CH GENERAL DE GONESSE;950110049;120;36618;47;45;0;0;6;2;0;0;26;10;0;0;0;0;3;0;0;0;12;0;3;0;0
USLD;2021;950000406;HOPITAL FONDATION CHANTEPIE MANCIER;950150037;40;13859;10;4;;;;;;3;3;2;;;;;2;;;;;;;;
USLD;2021;950000695;GHCPO SITE SAINT MARTIN DU TERTRE;950001370;43;9552;1;3;;;;;;;1;;;;;;;;;;;;;;
USLD;2021;950016139;GHI DU VEXIN SSR SITE MARINES;950015289;60;19279;20;20;;;;;;;16;1;;1;;;;;;5;10;;3;;1
USLD;2021;970100418;CENTRE HOSPITALIER L-D. BEAUPERTHUY;970100194;30;7483;3;3;0;0;0;0;0;0;1;1;0;0;0;0;;0;0;0;0;0;0;0;0
USLD;2021;970100459;C.H. DE CAPESTERRE-BELLE-EAU (EX HL);970100244;15;5199;5;5;;;;;;;2;2;;;;;1;;;;;;;;
USLD;2021;970112033;C.H.G. JACQUES SALIN;970100210;120;29126;17;24;;;;10;;;;;;1;;;6;;;;;;;5;
USLD;2021;970211215;CHU DE MARTINIQUE SITE P.ZOBDA QUITMAN;970211207;90;32850;49;40;;;;;;;;;;;13;;;;;;;;;;13
USLD;2021;970211223;CHU DE MARTINIQUE SITE DE TRINITE;970211207;20;6205;4;5;;;;;;;;;;;;;;;;;;;;;
USLD;2021;970211231;CHU DE MARTINIQUE SITE MANGOT VULCIN;970211207;26;5994;4;5;;;;;9;1;;;;;;;;;;;;;9;;
USLD;2021;970300026;CENTRE HOSPITALIER DE CAYENNE;970302022;30;9735;9;8;;;4;;;2;;;;;2;1;;;;;;;;;
USLD;2021;970400156;GHER-SSR (SAINT-ANDRE);970403606;42;13016;11;20;;;;;;;11;;;;;;;;;2;;;1;;
USLD;2021;970463139;CHU SITE SUD - SSR (TAMPON);970408589;40;12811;9;5;;;;;;;;;;;;;;;;;;;;;
